,id,lottery_date,times,number_1,number_2,number_3,number_4,number_5,bonus_number1,lottery_number
0,1096,2020-09-29,1096,01,02,12,20,22,08,"01,02,12,20,22,08,"
1,1095,2020-09-22,1095,04,10,16,21,24,06,"04,10,16,21,24,06,"
2,1094,2020-09-15,1094,03,05,08,14,22,21,"03,05,08,14,22,21,"
3,1093,2020-09-08,1093,02,12,17,23,30,08,"02,12,17,23,30,08,"
4,1092,2020-09-01,1092,09,13,14,19,22,25,"09,13,14,19,22,25,"
5,1091,2020-08-25,1091,01,14,25,29,31,30,"01,14,25,29,31,30,"
6,1090,2020-08-18,1090,04,12,15,22,25,10,"04,12,15,22,25,10,"
7,1089,2020-08-11,1089,03,13,18,19,22,29,"03,13,18,19,22,29,"
8,1088,2020-08-04,1088,02,08,14,17,26,04,"02,08,14,17,26,04,"
9,1087,2020-07-28,1087,01,03,04,09,16,28,"01,03,04,09,16,28,"
10,1086,2020-07-21,1086,02,18,19,28,30,16,"02,18,19,28,30,16,"
11,1085,2020-07-14,1085,09,10,16,17,28,13,"09,10,16,17,28,13,"
12,1084,2020-07-07,1084,11,19,28,29,31,02,"11,19,28,29,31,02,"
13,1083,2020-06-30,1083,01,03,19,26,29,05,"01,03,19,26,29,05,"
14,1082,2020-06-23,1082,01,02,14,19,29,05,"01,02,14,19,29,05,"
15,1081,2020-06-16,1081,02,03,04,24,25,08,"02,03,04,24,25,08,"
16,1080,2020-06-09,1080,04,05,13,19,21,14,"04,05,13,19,21,14,"
17,1079,2020-06-02,1079,02,06,14,16,26,04,"02,06,14,16,26,04,"
18,1078,2020-05-26,1078,03,10,16,17,25,24,"03,10,16,17,25,24,"
19,1077,2020-05-19,1077,03,17,19,25,31,04,"03,17,19,25,31,04,"
20,1076,2020-05-12,1076,05,07,11,22,26,15,"05,07,11,22,26,15,"
21,1075,2020-05-05,1075,04,11,13,16,31,06,"04,11,13,16,31,06,"
22,1074,2020-04-28,1074,15,18,20,22,27,21,"15,18,20,22,27,21,"
23,1073,2020-04-21,1073,02,13,21,24,30,14,"02,13,21,24,30,14,"
24,1072,2020-04-14,1072,03,04,10,12,13,31,"03,04,10,12,13,31,"
25,1071,2020-04-07,1071,02,03,04,27,31,07,"02,03,04,27,31,07,"
26,1070,2020-03-31,1070,07,09,11,27,31,21,"07,09,11,27,31,21,"
27,1069,2020-03-24,1069,01,03,09,14,25,20,"01,03,09,14,25,20,"
28,1068,2020-03-17,1068,02,03,20,24,31,09,"02,03,20,24,31,09,"
29,1067,2020-03-10,1067,02,10,13,15,28,26,"02,10,13,15,28,26,"
30,1066,2020-03-03,1066,15,17,20,22,23,21,"15,17,20,22,23,21,"
31,1065,2020-02-25,1065,08,11,14,16,31,10,"08,11,14,16,31,10,"
32,1064,2020-02-18,1064,01,05,08,28,29,07,"01,05,08,28,29,07,"
33,1063,2020-02-11,1063,10,18,20,26,27,25,"10,18,20,26,27,25,"
34,1062,2020-02-04,1062,14,18,23,29,31,17,"14,18,23,29,31,17,"
35,1061,2020-01-28,1061,05,10,19,23,28,09,"05,10,19,23,28,09,"
36,1060,2020-01-21,1060,19,23,24,28,31,11,"19,23,24,28,31,11,"
37,1059,2020-01-14,1059,02,11,13,16,18,03,"02,11,13,16,18,03,"
38,1058,2020-01-07,1058,02,16,19,24,27,20,"02,16,19,24,27,20,"
39,1057,2019-12-24,1057,09,13,21,23,26,01,"09,13,21,23,26,01,"
40,1056,2019-12-17,1056,03,12,14,21,25,10,"03,12,14,21,25,10,"
41,1055,2019-12-10,1055,01,05,18,19,21,09,"01,05,18,19,21,09,"
42,1054,2019-12-03,1054,02,19,25,26,31,22,"02,19,25,26,31,22,"
43,1053,2019-11-26,1053,02,03,13,16,23,14,"02,03,13,16,23,14,"
44,1052,2019-11-19,1052,04,08,09,14,26,05,"04,08,09,14,26,05,"
45,1051,2019-11-12,1051,07,11,12,21,22,05,"07,11,12,21,22,05,"
46,1050,2019-11-05,1050,02,15,19,23,28,10,"02,15,19,23,28,10,"
47,1049,2019-10-29,1049,02,16,21,26,31,27,"02,16,21,26,31,27,"
48,1048,2019-10-22,1048,01,08,11,19,23,12,"01,08,11,19,23,12,"
49,1047,2019-10-15,1047,08,12,19,25,26,09,"08,12,19,25,26,09,"
50,1046,2019-10-08,1046,16,23,24,28,29,12,"16,23,24,28,29,12,"
51,1045,2019-10-01,1045,03,05,07,10,18,16,"03,05,07,10,18,16,"
52,1,1999-04-13,1,01,03,17,20,25,26,"01,03,17,20,25,26,"
53,2,1999-04-27,2,02,11,12,21,30,28,"02,11,12,21,30,28,"
54,3,1999-05-11,3,01,08,10,24,30,28,"01,08,10,24,30,28,"
55,4,1999-05-25,4,11,12,14,20,31,29,"11,12,14,20,31,29,"
56,5,1999-06-08,5,08,09,15,21,25,23,"08,09,15,21,25,23,"
57,6,1999-06-22,6,02,11,16,24,29,04,"02,11,16,24,29,04,"
58,7,1999-07-06,7,03,24,25,26,31,02,"03,24,25,26,31,02,"
59,8,1999-07-20,8,22,24,25,28,30,21,"22,24,25,28,30,21,"
60,9,1999-08-03,9,02,11,12,13,28,15,"02,11,12,13,28,15,"
61,10,1999-08-17,10,08,19,21,23,30,05,"08,19,21,23,30,05,"
62,11,1999-08-31,11,17,18,19,20,30,31,"17,18,19,20,30,31,"
63,12,1999-09-14,12,05,09,13,16,19,21,"05,09,13,16,19,21,"
64,13,1999-09-28,13,06,11,18,25,28,20,"06,11,18,25,28,20,"
65,14,1999-10-05,14,02,21,24,26,29,28,"02,21,24,26,29,28,"
66,15,1999-10-12,15,06,08,17,23,24,22,"06,08,17,23,24,22,"
67,16,1999-10-19,16,02,20,24,26,27,23,"02,20,24,26,27,23,"
68,17,1999-10-26,17,10,18,20,25,27,01,"10,18,20,25,27,01,"
69,18,1999-11-02,18,01,14,16,23,25,27,"01,14,16,23,25,27,"
70,19,1999-11-09,19,02,09,10,22,27,01,"02,09,10,22,27,01,"
71,20,1999-11-16,20,14,20,22,25,30,15,"14,20,22,25,30,15,"
72,21,1999-11-23,21,03,15,22,25,31,06,"03,15,22,25,31,06,"
73,22,1999-11-30,22,04,06,26,28,30,14,"04,06,26,28,30,14,"
74,23,1999-12-07,23,02,13,18,22,26,15,"02,13,18,22,26,15,"
75,24,1999-12-14,24,12,14,19,26,28,15,"12,14,19,26,28,15,"
76,25,1999-12-21,25,02,03,07,18,29,15,"02,03,07,18,29,15,"
77,26,1999-12-28,26,07,08,09,14,15,04,"07,08,09,14,15,04,"
78,27,2000-01-04,27,10,16,20,21,31,14,"10,16,20,21,31,14,"
79,28,2000-01-11,28,02,09,15,22,29,11,"02,09,15,22,29,11,"
80,29,2000-01-18,29,09,12,17,26,31,15,"09,12,17,26,31,15,"
81,30,2000-01-25,30,10,15,17,18,30,16,"10,15,17,18,30,16,"
82,31,2000-02-01,31,14,20,21,24,28,17,"14,20,21,24,28,17,"
83,32,2000-02-08,32,02,11,13,16,24,20,"02,11,13,16,24,20,"
84,33,2000-02-15,33,02,03,08,09,30,23,"02,03,08,09,30,23,"
85,34,2000-02-22,34,04,09,18,28,29,12,"04,09,18,28,29,12,"
86,35,2000-02-29,35,10,11,18,24,26,29,"10,11,18,24,26,29,"
87,36,2000-03-07,36,04,08,15,16,21,25,"04,08,15,16,21,25,"
88,37,2000-03-14,37,06,07,10,16,31,20,"06,07,10,16,31,20,"
89,38,2000-03-21,38,11,16,17,19,31,04,"11,16,17,19,31,04,"
90,39,2000-03-28,39,01,09,15,26,30,11,"01,09,15,26,30,11,"
91,40,2000-04-04,40,04,16,24,25,27,05,"04,16,24,25,27,05,"
92,41,2000-04-11,41,10,16,19,22,26,29,"10,16,19,22,26,29,"
93,42,2000-04-18,42,02,05,19,24,31,28,"02,05,19,24,31,28,"
94,43,2000-04-25,43,03,06,11,16,30,05,"03,06,11,16,30,05,"
95,44,2000-05-02,44,05,18,20,25,27,11,"05,18,20,25,27,11,"
96,45,2000-05-09,45,07,13,19,24,26,11,"07,13,19,24,26,11,"
97,46,2000-05-16,46,02,10,22,23,26,06,"02,10,22,23,26,06,"
98,47,2000-05-23,47,02,06,08,17,29,10,"02,06,08,17,29,10,"
99,48,2000-05-30,48,02,09,11,13,31,18,"02,09,11,13,31,18,"
100,49,2000-06-06,49,10,13,14,23,25,12,"10,13,14,23,25,12,"
101,50,2000-06-13,50,04,05,06,08,10,26,"04,05,06,08,10,26,"
102,51,2000-06-20,51,05,07,15,16,31,02,"05,07,15,16,31,02,"
103,52,2000-06-27,52,04,10,12,26,31,20,"04,10,12,26,31,20,"
104,53,2000-07-04,53,04,13,14,15,17,30,"04,13,14,15,17,30,"
105,54,2000-07-11,54,04,05,15,18,21,16,"04,05,15,18,21,16,"
106,55,2000-07-18,55,04,10,11,18,31,03,"04,10,11,18,31,03,"
107,56,2000-07-25,56,01,03,07,10,27,16,"01,03,07,10,27,16,"
108,57,2000-08-01,57,03,21,23,27,29,13,"03,21,23,27,29,13,"
109,58,2000-08-08,58,01,02,04,10,24,20,"01,02,04,10,24,20,"
110,59,2000-08-15,59,09,15,20,21,22,10,"09,15,20,21,22,10,"
111,60,2000-08-22,60,16,17,22,23,26,30,"16,17,22,23,26,30,"
112,61,2000-08-29,61,09,23,24,29,30,05,"09,23,24,29,30,05,"
113,62,2000-09-05,62,05,10,13,17,29,06,"05,10,13,17,29,06,"
114,63,2000-09-12,63,03,05,06,22,28,01,"03,05,06,22,28,01,"
115,64,2000-09-19,64,05,10,11,12,23,15,"05,10,11,12,23,15,"
116,65,2000-09-26,65,08,09,10,17,23,15,"08,09,10,17,23,15,"
117,66,2000-10-03,66,05,06,12,17,20,01,"05,06,12,17,20,01,"
118,67,2000-10-10,67,04,05,08,14,27,06,"04,05,08,14,27,06,"
119,68,2000-10-17,68,05,06,21,22,24,11,"05,06,21,22,24,11,"
120,69,2000-10-24,69,05,06,09,23,30,02,"05,06,09,23,30,02,"
121,70,2000-10-31,70,01,05,07,17,21,15,"01,05,07,17,21,15,"
122,71,2000-11-07,71,11,17,18,22,30,02,"11,17,18,22,30,02,"
123,72,2000-11-14,72,08,10,24,28,30,12,"08,10,24,28,30,12,"
124,73,2000-11-21,73,04,06,08,26,30,07,"04,06,08,26,30,07,"
125,74,2000-11-28,74,04,06,16,22,28,09,"04,06,16,22,28,09,"
126,75,2000-12-05,75,07,14,16,17,29,01,"07,14,16,17,29,01,"
127,76,2000-12-12,76,06,11,13,16,23,03,"06,11,13,16,23,03,"
128,77,2000-12-19,77,02,03,10,22,26,23,"02,03,10,22,26,23,"
129,78,2000-12-26,78,04,11,19,20,22,28,"04,11,19,20,22,28,"
130,79,2001-01-09,79,02,13,16,26,30,11,"02,13,16,26,30,11,"
131,80,2001-01-16,80,07,10,13,18,22,04,"07,10,13,18,22,04,"
132,81,2001-01-23,81,01,07,10,16,25,18,"01,07,10,16,25,18,"
133,82,2001-01-30,82,01,03,11,27,30,08,"01,03,11,27,30,08,"
134,83,2001-02-06,83,01,06,11,23,26,03,"01,06,11,23,26,03,"
135,84,2001-02-13,84,01,15,29,30,31,16,"01,15,29,30,31,16,"
136,85,2001-02-20,85,09,11,14,20,29,02,"09,11,14,20,29,02,"
137,86,2001-02-27,86,02,08,13,20,24,09,"02,08,13,20,24,09,"
138,87,2001-03-06,87,01,05,12,23,27,14,"01,05,12,23,27,14,"
139,88,2001-03-13,88,04,19,26,27,30,03,"04,19,26,27,30,03,"
140,89,2001-03-20,89,05,07,24,27,29,14,"05,07,24,27,29,14,"
141,90,2001-03-27,90,06,12,14,21,27,15,"06,12,14,21,27,15,"
142,91,2001-04-03,91,08,09,15,18,22,03,"08,09,15,18,22,03,"
143,92,2001-04-10,92,02,03,11,22,30,31,"02,03,11,22,30,31,"
144,93,2001-04-17,93,11,15,22,26,27,08,"11,15,22,26,27,08,"
145,94,2001-04-24,94,16,19,20,26,29,27,"16,19,20,26,29,27,"
146,95,2001-05-01,95,04,05,07,08,31,26,"04,05,07,08,31,26,"
147,96,2001-05-08,96,01,05,06,14,27,17,"01,05,06,14,27,17,"
148,97,2001-05-15,97,06,12,15,19,22,03,"06,12,15,19,22,03,"
149,98,2001-05-22,98,01,02,09,11,20,04,"01,02,09,11,20,04,"
150,99,2001-05-29,99,03,07,10,13,15,26,"03,07,10,13,15,26,"
151,100,2001-06-05,100,11,12,19,20,31,03,"11,12,19,20,31,03,"
152,101,2001-06-12,101,02,10,11,13,26,22,"02,10,11,13,26,22,"
153,102,2001-06-19,102,05,10,11,25,28,23,"05,10,11,25,28,23,"
154,103,2001-06-26,103,10,13,19,21,30,14,"10,13,19,21,30,14,"
155,104,2001-07-03,104,03,04,07,21,30,31,"03,04,07,21,30,31,"
156,105,2001-07-10,105,06,11,14,21,27,20,"06,11,14,21,27,20,"
157,106,2001-07-17,106,03,05,11,12,18,02,"03,05,11,12,18,02,"
158,107,2001-07-24,107,04,08,12,26,27,18,"04,08,12,26,27,18,"
159,108,2001-07-31,108,06,10,20,27,29,19,"06,10,20,27,29,19,"
160,109,2001-08-07,109,03,05,15,19,22,25,"03,05,15,19,22,25,"
161,110,2001-08-14,110,03,07,13,22,27,02,"03,07,13,22,27,02,"
162,111,2001-08-21,111,10,19,24,27,31,06,"10,19,24,27,31,06,"
163,112,2001-08-28,112,05,07,15,26,27,01,"05,07,15,26,27,01,"
164,113,2001-09-04,113,01,02,06,16,28,04,"01,02,06,16,28,04,"
165,114,2001-09-11,114,03,05,06,07,11,08,"03,05,06,07,11,08,"
166,115,2001-09-18,115,10,15,29,30,31,16,"10,15,29,30,31,16,"
167,116,2001-09-25,116,02,07,13,18,23,11,"02,07,13,18,23,11,"
168,117,2001-10-02,117,05,11,12,23,24,03,"05,11,12,23,24,03,"
169,118,2001-10-09,118,02,04,12,20,23,14,"02,04,12,20,23,14,"
170,119,2001-10-16,119,12,14,25,29,30,05,"12,14,25,29,30,05,"
171,120,2001-10-23,120,08,12,14,18,27,24,"08,12,14,18,27,24,"
172,121,2001-10-30,121,05,17,18,24,30,20,"05,17,18,24,30,20,"
173,122,2001-11-06,122,01,08,23,27,28,09,"01,08,23,27,28,09,"
174,123,2001-11-13,123,01,05,06,13,15,21,"01,05,06,13,15,21,"
175,124,2001-11-20,124,05,07,17,19,27,09,"05,07,17,19,27,09,"
176,125,2001-11-27,125,02,21,22,27,29,24,"02,21,22,27,29,24,"
177,126,2001-12-04,126,07,16,18,22,25,21,"07,16,18,22,25,21,"
178,127,2001-12-11,127,08,09,18,29,31,24,"08,09,18,29,31,24,"
179,128,2001-12-18,128,03,06,22,24,27,26,"03,06,22,24,27,26,"
180,129,2001-12-25,129,02,13,20,25,30,12,"02,13,20,25,30,12,"
181,130,2002-01-08,130,03,04,11,17,26,05,"03,04,11,17,26,05,"
182,131,2002-01-15,131,01,09,12,18,21,15,"01,09,12,18,21,15,"
183,132,2002-01-22,132,07,13,17,19,24,18,"07,13,17,19,24,18,"
184,133,2002-01-29,133,04,07,11,18,31,27,"04,07,11,18,31,27,"
185,134,2002-02-05,134,04,05,13,16,18,20,"04,05,13,16,18,20,"
186,135,2002-02-12,135,04,07,08,09,24,20,"04,07,08,09,24,20,"
187,136,2002-02-19,136,05,11,14,18,28,08,"05,11,14,18,28,08,"
188,137,2002-02-26,137,03,15,20,25,28,30,"03,15,20,25,28,30,"
189,138,2002-03-05,138,01,04,21,30,31,16,"01,04,21,30,31,16,"
190,139,2002-03-12,139,14,17,20,26,28,23,"14,17,20,26,28,23,"
191,140,2002-03-19,140,08,09,17,20,29,06,"08,09,17,20,29,06,"
192,141,2002-03-26,141,04,06,09,20,24,16,"04,06,09,20,24,16,"
193,142,2002-04-02,142,10,11,24,25,30,08,"10,11,24,25,30,08,"
194,143,2002-04-09,143,17,18,20,23,26,06,"17,18,20,23,26,06,"
195,144,2002-04-16,144,04,13,14,19,28,05,"04,13,14,19,28,05,"
196,145,2002-04-23,145,13,14,19,24,28,03,"13,14,19,24,28,03,"
197,146,2002-04-30,146,01,06,11,12,18,08,"01,06,11,12,18,08,"
198,147,2002-05-07,147,05,10,21,27,28,02,"05,10,21,27,28,02,"
199,148,2002-05-14,148,02,07,19,26,31,24,"02,07,19,26,31,24,"
200,149,2002-05-21,149,05,06,17,27,28,20,"05,06,17,27,28,20,"
201,150,2002-05-28,150,02,11,16,24,26,04,"02,11,16,24,26,04,"
202,151,2002-06-04,151,04,10,13,14,19,12,"04,10,13,14,19,12,"
203,152,2002-06-11,152,01,02,11,22,30,27,"01,02,11,22,30,27,"
204,153,2002-06-18,153,02,03,08,23,29,06,"02,03,08,23,29,06,"
205,154,2002-06-25,154,02,10,16,19,22,17,"02,10,16,19,22,17,"
206,155,2002-07-02,155,09,10,16,21,23,04,"09,10,16,21,23,04,"
207,156,2002-07-09,156,02,03,13,19,31,15,"02,03,13,19,31,15,"
208,157,2002-07-16,157,01,05,14,18,20,06,"01,05,14,18,20,06,"
209,158,2002-07-23,158,03,14,16,20,31,25,"03,14,16,20,31,25,"
210,159,2002-07-30,159,07,11,16,23,24,13,"07,11,16,23,24,13,"
211,160,2002-08-06,160,04,23,24,30,31,27,"04,23,24,30,31,27,"
212,161,2002-08-13,161,02,03,04,17,19,08,"02,03,04,17,19,08,"
213,162,2002-08-20,162,06,14,17,23,31,20,"06,14,17,23,31,20,"
214,163,2002-08-27,163,01,12,13,16,28,31,"01,12,13,16,28,31,"
215,164,2002-09-03,164,07,09,16,26,30,28,"07,09,16,26,30,28,"
216,165,2002-09-10,165,09,16,24,25,26,20,"09,16,24,25,26,20,"
217,166,2002-09-17,166,08,13,21,24,28,16,"08,13,21,24,28,16,"
218,167,2002-09-24,167,11,19,20,25,26,23,"11,19,20,25,26,23,"
219,168,2002-10-01,168,02,08,11,16,30,17,"02,08,11,16,30,17,"
220,169,2002-10-08,169,08,15,18,25,31,13,"08,15,18,25,31,13,"
221,170,2002-10-15,170,02,07,14,20,22,05,"02,07,14,20,22,05,"
222,171,2002-10-22,171,02,06,09,12,31,17,"02,06,09,12,31,17,"
223,172,2002-10-29,172,01,04,14,21,28,03,"01,04,14,21,28,03,"
224,173,2002-11-05,173,11,18,20,22,29,10,"11,18,20,22,29,10,"
225,174,2002-11-12,174,01,03,08,21,22,02,"01,03,08,21,22,02,"
226,175,2002-11-19,175,08,12,17,19,24,05,"08,12,17,19,24,05,"
227,176,2002-11-26,176,12,14,24,26,30,18,"12,14,24,26,30,18,"
228,177,2002-12-03,177,07,13,17,21,30,20,"07,13,17,21,30,20,"
229,178,2002-12-10,178,03,24,26,28,31,20,"03,24,26,28,31,20,"
230,179,2002-12-17,179,01,07,26,30,31,12,"01,07,26,30,31,12,"
231,180,2002-12-24,180,17,18,19,21,28,22,"17,18,19,21,28,22,"
232,181,2003-01-07,181,01,03,14,16,26,12,"01,03,14,16,26,12,"
233,182,2003-01-14,182,02,10,14,23,24,06,"02,10,14,23,24,06,"
234,183,2003-01-21,183,03,09,13,25,26,07,"03,09,13,25,26,07,"
235,184,2003-01-28,184,02,10,23,30,31,16,"02,10,23,30,31,16,"
236,185,2003-02-04,185,07,19,20,25,28,02,"07,19,20,25,28,02,"
237,186,2003-02-11,186,08,12,20,21,25,22,"08,12,20,21,25,22,"
238,187,2003-02-18,187,04,06,17,24,25,01,"04,06,17,24,25,01,"
239,188,2003-02-25,188,07,16,24,25,28,30,"07,16,24,25,28,30,"
240,189,2003-03-04,189,09,16,22,25,26,03,"09,16,22,25,26,03,"
241,190,2003-03-11,190,04,05,21,27,29,02,"04,05,21,27,29,02,"
242,191,2003-03-18,191,01,06,08,12,13,02,"01,06,08,12,13,02,"
243,192,2003-03-25,192,06,07,10,11,17,03,"06,07,10,11,17,03,"
244,193,2003-04-01,193,06,08,18,20,22,11,"06,08,18,20,22,11,"
245,194,2003-04-08,194,03,06,15,17,23,01,"03,06,15,17,23,01,"
246,195,2003-04-15,195,01,02,06,15,23,21,"01,02,06,15,23,21,"
247,196,2003-04-22,196,02,04,14,21,22,16,"02,04,14,21,22,16,"
248,197,2003-04-29,197,08,18,20,21,31,01,"08,18,20,21,31,01,"
249,198,2003-05-06,198,13,20,21,25,28,14,"13,20,21,25,28,14,"
250,199,2003-05-13,199,01,09,21,26,29,25,"01,09,21,26,29,25,"
251,200,2003-05-20,200,01,04,12,13,18,25,"01,04,12,13,18,25,"
252,201,2003-05-27,201,03,05,23,25,26,17,"03,05,23,25,26,17,"
253,202,2003-06-03,202,06,10,11,18,31,25,"06,10,11,18,31,25,"
254,203,2003-06-10,203,04,10,18,22,25,20,"04,10,18,22,25,20,"
255,204,2003-06-17,204,07,18,22,24,29,09,"07,18,22,24,29,09,"
256,205,2003-06-24,205,03,04,13,14,23,12,"03,04,13,14,23,12,"
257,206,2003-07-01,206,06,08,12,27,31,24,"06,08,12,27,31,24,"
258,207,2003-07-08,207,03,04,10,16,25,07,"03,04,10,16,25,07,"
259,208,2003-07-15,208,06,10,13,16,17,29,"06,10,13,16,17,29,"
260,209,2003-07-22,209,07,17,23,27,29,12,"07,17,23,27,29,12,"
261,210,2003-07-29,210,09,10,18,19,29,21,"09,10,18,19,29,21,"
262,211,2003-08-05,211,09,10,13,18,22,15,"09,10,13,18,22,15,"
263,212,2003-08-12,212,01,05,10,14,30,26,"01,05,10,14,30,26,"
264,213,2003-08-19,213,01,02,03,09,29,27,"01,02,03,09,29,27,"
265,214,2003-08-26,214,02,08,16,18,28,12,"02,08,16,18,28,12,"
266,215,2003-09-02,215,04,15,20,21,28,16,"04,15,20,21,28,16,"
267,216,2003-09-09,216,03,07,13,16,17,02,"03,07,13,16,17,02,"
268,217,2003-09-16,217,02,08,17,19,23,21,"02,08,17,19,23,21,"
269,218,2003-09-23,218,09,16,24,25,29,23,"09,16,24,25,29,23,"
270,219,2003-09-30,219,01,15,17,21,28,06,"01,15,17,21,28,06,"
271,220,2003-10-07,220,09,10,11,21,29,05,"09,10,11,21,29,05,"
272,221,2003-10-14,221,04,08,14,22,26,09,"04,08,14,22,26,09,"
273,222,2003-10-21,222,10,18,21,26,28,09,"10,18,21,26,28,09,"
274,223,2003-10-28,223,04,10,16,19,22,21,"04,10,16,19,22,21,"
275,224,2003-11-04,224,12,16,27,30,31,14,"12,16,27,30,31,14,"
276,225,2003-11-11,225,13,14,18,24,26,16,"13,14,18,24,26,16,"
277,226,2003-11-18,226,04,12,14,26,30,28,"04,12,14,26,30,28,"
278,227,2003-11-25,227,02,04,07,21,30,20,"02,04,07,21,30,20,"
279,228,2003-12-02,228,10,17,21,24,27,02,"10,17,21,24,27,02,"
280,229,2003-12-09,229,12,19,23,24,30,06,"12,19,23,24,30,06,"
281,230,2003-12-16,230,04,16,17,25,26,19,"04,16,17,25,26,19,"
282,231,2003-12-23,231,03,04,10,11,24,28,"03,04,10,11,24,28,"
283,232,2003-12-30,232,03,12,20,24,26,31,"03,12,20,24,26,31,"
284,233,2004-01-06,233,08,14,19,21,29,25,"08,14,19,21,29,25,"
285,234,2004-01-13,234,16,18,22,23,26,02,"16,18,22,23,26,02,"
286,235,2004-01-20,235,05,06,16,17,31,08,"05,06,16,17,31,08,"
287,236,2004-01-27,236,14,17,23,24,29,03,"14,17,23,24,29,03,"
288,237,2004-02-03,237,06,08,17,18,28,20,"06,08,17,18,28,20,"
289,238,2004-02-10,238,13,15,17,22,25,26,"13,15,17,22,25,26,"
290,239,2004-02-17,239,16,18,21,23,27,31,"16,18,21,23,27,31,"
291,240,2004-02-24,240,02,06,14,28,29,11,"02,06,14,28,29,11,"
292,241,2004-03-02,241,01,02,04,13,26,07,"01,02,04,13,26,07,"
293,242,2004-03-09,242,05,12,23,27,31,14,"05,12,23,27,31,14,"
294,243,2004-03-16,243,04,11,15,27,28,01,"04,11,15,27,28,01,"
295,244,2004-03-23,244,06,11,21,22,25,15,"06,11,21,22,25,15,"
296,245,2004-03-30,245,01,10,14,21,28,23,"01,10,14,21,28,23,"
297,246,2004-04-06,246,01,12,15,20,23,04,"01,12,15,20,23,04,"
298,247,2004-04-13,247,07,11,19,27,31,02,"07,11,19,27,31,02,"
299,248,2004-04-20,248,04,13,16,24,29,12,"04,13,16,24,29,12,"
300,249,2004-04-27,249,09,11,12,18,20,07,"09,11,12,18,20,07,"
301,250,2004-05-04,250,01,03,11,12,31,22,"01,03,11,12,31,22,"
302,251,2004-05-11,251,01,03,19,20,23,28,"01,03,19,20,23,28,"
303,252,2004-05-18,252,12,18,24,27,31,22,"12,18,24,27,31,22,"
304,253,2004-05-25,253,01,03,10,21,25,29,"01,03,10,21,25,29,"
305,254,2004-06-01,254,03,07,22,25,29,27,"03,07,22,25,29,27,"
306,255,2004-06-08,255,12,17,20,27,29,18,"12,17,20,27,29,18,"
307,256,2004-06-15,256,05,09,15,16,27,28,"05,09,15,16,27,28,"
308,257,2004-06-22,257,02,09,12,20,31,10,"02,09,12,20,31,10,"
309,258,2004-06-29,258,04,06,09,19,22,05,"04,06,09,19,22,05,"
310,259,2004-07-06,259,05,07,11,12,23,17,"05,07,11,12,23,17,"
311,260,2004-07-13,260,06,07,17,19,23,28,"06,07,17,19,23,28,"
312,261,2004-07-20,261,02,03,05,14,29,18,"02,03,05,14,29,18,"
313,262,2004-07-27,262,05,19,23,27,28,02,"05,19,23,27,28,02,"
314,263,2004-08-03,263,15,25,28,30,31,02,"15,25,28,30,31,02,"
315,264,2004-08-10,264,02,04,07,25,30,15,"02,04,07,25,30,15,"
316,265,2004-08-17,265,01,03,24,26,28,21,"01,03,24,26,28,21,"
317,266,2004-08-24,266,03,08,25,28,31,06,"03,08,25,28,31,06,"
318,267,2004-08-31,267,08,14,15,19,25,31,"08,14,15,19,25,31,"
319,268,2004-09-07,268,17,18,20,27,31,13,"17,18,20,27,31,13,"
320,269,2004-09-14,269,03,07,20,23,29,16,"03,07,20,23,29,16,"
321,270,2004-09-21,270,09,10,11,14,19,21,"09,10,11,14,19,21,"
322,271,2004-09-28,271,06,13,15,24,31,20,"06,13,15,24,31,20,"
323,272,2004-10-05,272,04,16,21,28,29,09,"04,16,21,28,29,09,"
324,273,2004-10-12,273,03,05,07,11,17,23,"03,05,07,11,17,23,"
325,274,2004-10-19,274,07,08,09,16,25,12,"07,08,09,16,25,12,"
326,275,2004-10-26,275,11,16,17,21,22,19,"11,16,17,21,22,19,"
327,276,2004-11-02,276,12,16,19,20,23,11,"12,16,19,20,23,11,"
328,277,2004-11-09,277,04,14,16,19,22,10,"04,14,16,19,22,10,"
329,278,2004-11-16,278,08,12,13,14,24,16,"08,12,13,14,24,16,"
330,279,2004-11-23,279,02,07,19,23,25,11,"02,07,19,23,25,11,"
331,280,2004-11-30,280,04,09,13,15,19,12,"04,09,13,15,19,12,"
332,281,2004-12-07,281,05,07,11,13,21,27,"05,07,11,13,21,27,"
333,282,2004-12-14,282,01,02,18,27,29,13,"01,02,18,27,29,13,"
334,283,2004-12-21,283,11,15,19,20,29,01,"11,15,19,20,29,01,"
335,284,2004-12-28,284,01,05,08,11,18,30,"01,05,08,11,18,30,"
336,285,2005-01-04,285,08,17,19,24,26,16,"08,17,19,24,26,16,"
337,286,2005-01-11,286,14,15,20,22,30,02,"14,15,20,22,30,02,"
338,287,2005-01-18,287,02,07,14,19,21,01,"02,07,14,19,21,01,"
339,288,2005-01-25,288,06,16,21,29,31,18,"06,16,21,29,31,18,"
340,289,2005-02-01,289,05,06,11,24,28,18,"05,06,11,24,28,18,"
341,290,2005-02-08,290,03,08,11,23,30,05,"03,08,11,23,30,05,"
342,291,2005-02-15,291,04,08,21,23,26,22,"04,08,21,23,26,22,"
343,292,2005-02-22,292,02,07,13,25,31,17,"02,07,13,25,31,17,"
344,293,2005-03-01,293,14,15,16,24,25,12,"14,15,16,24,25,12,"
345,294,2005-03-08,294,14,23,26,29,31,28,"14,23,26,29,31,28,"
346,295,2005-03-15,295,08,14,16,17,26,05,"08,14,16,17,26,05,"
347,296,2005-03-22,296,08,14,18,24,29,19,"08,14,18,24,29,19,"
348,297,2005-03-29,297,05,09,18,25,30,31,"05,09,18,25,30,31,"
349,298,2005-04-05,298,08,10,12,15,22,16,"08,10,12,15,22,16,"
350,299,2005-04-12,299,02,09,15,26,31,11,"02,09,15,26,31,11,"
351,300,2005-04-19,300,10,13,16,22,28,07,"10,13,16,22,28,07,"
352,301,2005-04-26,301,05,11,16,26,31,12,"05,11,16,26,31,12,"
353,302,2005-05-03,302,06,07,09,14,20,22,"06,07,09,14,20,22,"
354,303,2005-05-10,303,13,14,16,19,25,01,"13,14,16,19,25,01,"
355,304,2005-05-17,304,03,10,11,14,20,17,"03,10,11,14,20,17,"
356,305,2005-05-24,305,10,11,13,16,24,22,"10,11,13,16,24,22,"
357,306,2005-05-31,306,17,20,23,24,31,11,"17,20,23,24,31,11,"
358,307,2005-06-07,307,02,10,15,21,28,12,"02,10,15,21,28,12,"
359,308,2005-06-14,308,01,13,17,22,27,16,"01,13,17,22,27,16,"
360,309,2005-06-21,309,08,14,17,22,23,01,"08,14,17,22,23,01,"
361,310,2005-06-28,310,06,14,17,24,25,11,"06,14,17,24,25,11,"
362,311,2005-07-05,311,02,17,19,28,29,10,"02,17,19,28,29,10,"
363,312,2005-07-12,312,07,12,17,18,21,11,"07,12,17,18,21,11,"
364,313,2005-07-19,313,01,07,26,27,31,30,"01,07,26,27,31,30,"
365,314,2005-07-26,314,02,07,16,18,20,28,"02,07,16,18,20,28,"
366,315,2005-08-02,315,07,11,15,28,31,14,"07,11,15,28,31,14,"
367,316,2005-08-09,316,24,25,28,29,30,27,"24,25,28,29,30,27,"
368,317,2005-08-16,317,08,10,11,22,23,12,"08,10,11,22,23,12,"
369,318,2005-08-23,318,09,18,19,30,31,16,"09,18,19,30,31,16,"
370,319,2005-08-30,319,03,20,21,22,27,09,"03,20,21,22,27,09,"
371,320,2005-09-06,320,06,07,13,28,30,12,"06,07,13,28,30,12,"
372,321,2005-09-13,321,02,11,18,21,27,15,"02,11,18,21,27,15,"
373,322,2005-09-20,322,05,08,10,28,31,02,"05,08,10,28,31,02,"
374,323,2005-09-27,323,05,15,19,22,27,29,"05,15,19,22,27,29,"
375,324,2005-10-04,324,05,06,13,29,30,17,"05,06,13,29,30,17,"
376,325,2005-10-11,325,08,11,13,15,28,22,"08,11,13,15,28,22,"
377,326,2005-10-18,326,01,03,06,11,25,12,"01,03,06,11,25,12,"
378,327,2005-10-25,327,08,14,19,25,28,16,"08,14,19,25,28,16,"
379,328,2005-11-01,328,01,02,11,12,18,08,"01,02,11,12,18,08,"
380,329,2005-11-08,329,05,14,15,17,29,10,"05,14,15,17,29,10,"
381,330,2005-11-15,330,03,13,15,19,24,08,"03,13,15,19,24,08,"
382,331,2005-11-22,331,06,19,21,29,30,24,"06,19,21,29,30,24,"
383,332,2005-11-29,332,04,09,24,28,29,25,"04,09,24,28,29,25,"
384,333,2005-12-06,333,19,21,22,26,28,24,"19,21,22,26,28,24,"
385,334,2005-12-13,334,07,12,22,23,25,13,"07,12,22,23,25,13,"
386,335,2005-12-20,335,14,16,23,25,31,22,"14,16,23,25,31,22,"
387,336,2005-12-27,336,10,14,20,27,28,08,"10,14,20,27,28,08,"
388,337,2006-01-10,337,04,07,21,22,23,15,"04,07,21,22,23,15,"
389,338,2006-01-17,338,01,03,19,21,27,09,"01,03,19,21,27,09,"
390,339,2006-01-24,339,04,09,11,15,23,26,"04,09,11,15,23,26,"
391,340,2006-01-31,340,10,14,18,23,25,31,"10,14,18,23,25,31,"
392,341,2006-02-07,341,02,05,17,18,26,03,"02,05,17,18,26,03,"
393,342,2006-02-14,342,02,15,24,25,27,09,"02,15,24,25,27,09,"
394,343,2006-02-21,343,06,10,15,27,30,08,"06,10,15,27,30,08,"
395,344,2006-02-28,344,04,09,13,21,23,31,"04,09,13,21,23,31,"
396,345,2006-03-07,345,07,14,16,17,29,18,"07,14,16,17,29,18,"
397,346,2006-03-14,346,04,14,18,26,31,03,"04,14,18,26,31,03,"
398,347,2006-03-21,347,10,11,20,23,27,13,"10,11,20,23,27,13,"
399,348,2006-03-28,348,08,09,11,12,18,23,"08,09,11,12,18,23,"
400,349,2006-04-04,349,03,05,06,07,12,18,"03,05,06,07,12,18,"
401,350,2006-04-11,350,03,09,22,24,28,27,"03,09,22,24,28,27,"
402,351,2006-04-18,351,03,06,11,12,27,26,"03,06,11,12,27,26,"
403,352,2006-04-25,352,05,07,14,17,30,29,"05,07,14,17,30,29,"
404,353,2006-05-02,353,03,13,14,17,25,18,"03,13,14,17,25,18,"
405,354,2006-05-09,354,03,06,17,19,30,01,"03,06,17,19,30,01,"
406,355,2006-05-16,355,08,09,24,27,29,31,"08,09,24,27,29,31,"
407,356,2006-05-23,356,06,11,17,19,22,21,"06,11,17,19,22,21,"
408,357,2006-05-30,357,15,24,26,28,29,16,"15,24,26,28,29,16,"
409,358,2006-06-06,358,04,13,18,27,31,23,"04,13,18,27,31,23,"
410,359,2006-06-13,359,03,11,15,18,19,22,"03,11,15,18,19,22,"
411,360,2006-06-20,360,06,11,20,27,28,05,"06,11,20,27,28,05,"
412,361,2006-06-27,361,02,04,06,12,30,05,"02,04,06,12,30,05,"
413,362,2006-07-04,362,04,17,19,20,31,07,"04,17,19,20,31,07,"
414,363,2006-07-11,363,04,10,12,17,22,16,"04,10,12,17,22,16,"
415,364,2006-07-18,364,05,09,13,20,23,18,"05,09,13,20,23,18,"
416,365,2006-07-25,365,06,10,18,27,28,14,"06,10,18,27,28,14,"
417,366,2006-08-01,366,02,11,14,19,30,03,"02,11,14,19,30,03,"
418,367,2006-08-08,367,04,06,14,19,31,09,"04,06,14,19,31,09,"
419,368,2006-08-15,368,01,08,17,28,29,06,"01,08,17,28,29,06,"
420,369,2006-08-22,369,04,10,23,29,30,31,"04,10,23,29,30,31,"
421,370,2006-08-29,370,10,12,16,26,28,21,"10,12,16,26,28,21,"
422,371,2006-09-05,371,10,12,19,23,31,27,"10,12,19,23,31,27,"
423,372,2006-09-12,372,01,05,22,25,30,12,"01,05,22,25,30,12,"
424,373,2006-09-19,373,03,05,11,12,29,22,"03,05,11,12,29,22,"
425,374,2006-09-26,374,09,17,27,28,29,08,"09,17,27,28,29,08,"
426,375,2006-10-03,375,01,10,20,23,24,16,"01,10,20,23,24,16,"
427,376,2006-10-10,376,07,13,21,25,28,02,"07,13,21,25,28,02,"
428,377,2006-10-17,377,01,12,20,21,30,06,"01,12,20,21,30,06,"
429,378,2006-10-24,378,06,08,15,21,24,05,"06,08,15,21,24,05,"
430,379,2006-10-31,379,02,08,15,19,28,26,"02,08,15,19,28,26,"
431,380,2006-11-07,380,02,11,12,17,31,15,"02,11,12,17,31,15,"
432,381,2006-11-14,381,03,09,19,22,23,21,"03,09,19,22,23,21,"
433,382,2006-11-21,382,07,09,11,14,23,19,"07,09,11,14,23,19,"
434,383,2006-11-28,383,04,07,09,17,31,12,"04,07,09,17,31,12,"
435,384,2006-12-05,384,04,09,15,25,29,05,"04,09,15,25,29,05,"
436,385,2006-12-12,385,06,14,20,24,27,03,"06,14,20,24,27,03,"
437,386,2006-12-19,386,01,03,05,07,23,14,"01,03,05,07,23,14,"
438,387,2006-12-26,387,16,26,28,29,30,11,"16,26,28,29,30,11,"
439,388,2007-01-09,388,04,08,19,27,31,11,"04,08,19,27,31,11,"
440,389,2007-01-16,389,08,11,13,27,30,06,"08,11,13,27,30,06,"
441,390,2007-01-23,390,11,14,23,29,30,20,"11,14,23,29,30,20,"
442,391,2007-01-30,391,01,10,15,30,31,21,"01,10,15,30,31,21,"
443,392,2007-02-06,392,03,13,15,25,30,26,"03,13,15,25,30,26,"
444,393,2007-02-13,393,15,17,18,22,30,11,"15,17,18,22,30,11,"
445,394,2007-02-20,394,02,05,21,27,31,25,"02,05,21,27,31,25,"
446,395,2007-02-27,395,06,21,22,23,31,03,"06,21,22,23,31,03,"
447,396,2007-03-06,396,01,06,21,25,28,22,"01,06,21,25,28,22,"
448,397,2007-03-13,397,01,14,17,24,25,29,"01,14,17,24,25,29,"
449,398,2007-03-20,398,10,17,25,27,31,26,"10,17,25,27,31,26,"
450,399,2007-03-27,399,07,13,23,27,31,08,"07,13,23,27,31,08,"
451,400,2007-04-03,400,12,20,22,24,25,26,"12,20,22,24,25,26,"
452,401,2007-04-10,401,11,13,18,26,30,06,"11,13,18,26,30,06,"
453,402,2007-04-17,402,10,20,22,24,27,08,"10,20,22,24,27,08,"
454,403,2007-04-24,403,02,05,16,30,31,18,"02,05,16,30,31,18,"
455,404,2007-05-01,404,01,08,11,26,28,24,"01,08,11,26,28,24,"
456,405,2007-05-08,405,08,09,13,27,31,17,"08,09,13,27,31,17,"
457,406,2007-05-15,406,05,13,19,28,29,01,"05,13,19,28,29,01,"
458,407,2007-05-22,407,05,15,21,22,31,10,"05,15,21,22,31,10,"
459,408,2007-05-29,408,07,12,22,26,30,04,"07,12,22,26,30,04,"
460,409,2007-06-05,409,02,11,19,27,28,05,"02,11,19,27,28,05,"
461,410,2007-06-12,410,03,10,19,20,31,15,"03,10,19,20,31,15,"
462,411,2007-06-19,411,05,08,12,19,22,11,"05,08,12,19,22,11,"
463,412,2007-06-26,412,01,05,06,09,23,16,"01,05,06,09,23,16,"
464,413,2007-07-03,413,08,14,21,23,29,17,"08,14,21,23,29,17,"
465,414,2007-07-10,414,05,07,10,20,27,21,"05,07,10,20,27,21,"
466,415,2007-07-17,415,11,16,24,28,30,22,"11,16,24,28,30,22,"
467,416,2007-07-24,416,04,06,13,15,22,07,"04,06,13,15,22,07,"
468,417,2007-07-31,417,03,09,12,23,24,22,"03,09,12,23,24,22,"
469,418,2007-08-07,418,13,16,22,27,30,04,"13,16,22,27,30,04,"
470,419,2007-08-14,419,05,12,19,20,27,28,"05,12,19,20,27,28,"
471,420,2007-08-21,420,02,10,13,23,27,18,"02,10,13,23,27,18,"
472,421,2007-08-28,421,11,14,24,28,29,16,"11,14,24,28,29,16,"
473,422,2007-09-04,422,10,12,15,21,27,24,"10,12,15,21,27,24,"
474,423,2007-09-11,423,08,14,16,24,31,07,"08,14,16,24,31,07,"
475,424,2007-09-18,424,03,04,08,11,31,24,"03,04,08,11,31,24,"
476,425,2007-09-25,425,04,10,20,25,28,06,"04,10,20,25,28,06,"
477,426,2007-10-02,426,03,15,17,21,26,29,"03,15,17,21,26,29,"
478,427,2007-10-09,427,09,14,19,20,26,16,"09,14,19,20,26,16,"
479,428,2007-10-16,428,11,20,24,27,29,21,"11,20,24,27,29,21,"
480,429,2007-10-23,429,11,18,22,26,30,20,"11,18,22,26,30,20,"
481,430,2007-10-30,430,03,07,16,18,21,27,"03,07,16,18,21,27,"
482,431,2007-11-06,431,03,12,14,24,25,02,"03,12,14,24,25,02,"
483,432,2007-11-13,432,03,09,14,22,25,12,"03,09,14,22,25,12,"
484,433,2007-11-20,433,01,12,17,20,27,14,"01,12,17,20,27,14,"
485,434,2007-11-27,434,01,06,10,11,22,18,"01,06,10,11,22,18,"
486,435,2007-12-04,435,08,19,22,25,27,06,"08,19,22,25,27,06,"
487,436,2007-12-11,436,07,08,18,21,24,17,"07,08,18,21,24,17,"
488,437,2007-12-18,437,09,13,15,28,31,12,"09,13,15,28,31,12,"
489,438,2007-12-25,438,01,02,10,13,21,16,"01,02,10,13,21,16,"
490,439,2008-01-08,439,10,17,19,21,23,16,"10,17,19,21,23,16,"
491,440,2008-01-15,440,05,12,13,21,30,28,"05,12,13,21,30,28,"
492,441,2008-01-22,441,06,08,19,28,30,17,"06,08,19,28,30,17,"
493,442,2008-01-29,442,05,08,19,24,30,17,"05,08,19,24,30,17,"
494,443,2008-02-05,443,05,17,22,23,30,20,"05,17,22,23,30,20,"
495,444,2008-02-12,444,01,11,17,30,31,13,"01,11,17,30,31,13,"
496,445,2008-02-19,445,07,16,18,26,31,25,"07,16,18,26,31,25,"
497,446,2008-02-26,446,10,11,15,16,17,04,"10,11,15,16,17,04,"
498,447,2008-03-04,447,14,17,20,25,26,08,"14,17,20,25,26,08,"
499,448,2008-03-11,448,01,07,12,17,18,25,"01,07,12,17,18,25,"
500,449,2008-03-18,449,07,08,10,11,20,12,"07,08,10,11,20,12,"
501,450,2008-03-25,450,02,05,08,13,27,26,"02,05,08,13,27,26,"
502,451,2008-04-01,451,03,07,12,14,16,31,"03,07,12,14,16,31,"
503,452,2008-04-08,452,02,12,16,18,30,20,"02,12,16,18,30,20,"
504,453,2008-04-15,453,04,07,12,17,27,24,"04,07,12,17,27,24,"
505,454,2008-04-22,454,02,05,13,20,24,12,"02,05,13,20,24,12,"
506,455,2008-04-29,455,01,10,16,24,26,09,"01,10,16,24,26,09,"
507,456,2008-05-06,456,06,08,10,16,20,02,"06,08,10,16,20,02,"
508,457,2008-05-13,457,02,16,17,22,28,11,"02,16,17,22,28,11,"
509,458,2008-05-20,458,06,08,15,24,31,01,"06,08,15,24,31,01,"
510,459,2008-05-27,459,12,13,26,27,29,02,"12,13,26,27,29,02,"
511,460,2008-06-03,460,10,11,25,27,30,04,"10,11,25,27,30,04,"
512,461,2008-06-10,461,06,12,17,20,26,11,"06,12,17,20,26,11,"
513,462,2008-06-17,462,04,19,22,25,29,27,"04,19,22,25,29,27,"
514,463,2008-06-24,463,12,13,16,21,23,18,"12,13,16,21,23,18,"
515,464,2008-07-01,464,01,12,16,22,28,15,"01,12,16,22,28,15,"
516,465,2008-07-08,465,13,18,21,25,28,07,"13,18,21,25,28,07,"
517,466,2008-07-15,466,15,16,19,20,29,17,"15,16,19,20,29,17,"
518,467,2008-07-22,467,01,02,13,15,23,26,"01,02,13,15,23,26,"
519,468,2008-07-29,468,07,08,13,24,27,10,"07,08,13,24,27,10,"
520,469,2008-08-05,469,05,09,12,16,19,03,"05,09,12,16,19,03,"
521,470,2008-08-12,470,11,15,22,30,31,14,"11,15,22,30,31,14,"
522,471,2008-08-19,471,13,17,20,23,30,28,"13,17,20,23,30,28,"
523,472,2008-08-26,472,04,15,17,20,21,03,"04,15,17,20,21,03,"
524,473,2008-09-02,473,04,05,18,20,26,03,"04,05,18,20,26,03,"
525,474,2008-09-09,474,05,12,14,18,23,11,"05,12,14,18,23,11,"
526,475,2008-09-16,475,08,09,12,14,24,30,"08,09,12,14,24,30,"
527,476,2008-09-23,476,03,10,12,20,24,13,"03,10,12,20,24,13,"
528,477,2008-09-30,477,01,04,13,20,28,31,"01,04,13,20,28,31,"
529,478,2008-10-07,478,03,17,18,22,25,05,"03,17,18,22,25,05,"
530,479,2008-10-14,479,14,22,26,27,29,21,"14,22,26,27,29,21,"
531,480,2008-10-21,480,05,07,18,25,31,23,"05,07,18,25,31,23,"
532,481,2008-10-28,481,03,07,13,16,25,31,"03,07,13,16,25,31,"
533,482,2008-11-04,482,02,16,20,24,29,05,"02,16,20,24,29,05,"
534,483,2008-11-11,483,07,20,23,27,29,25,"07,20,23,27,29,25,"
535,484,2008-11-18,484,01,03,04,19,29,27,"01,03,04,19,29,27,"
536,485,2008-11-25,485,03,08,10,15,31,18,"03,08,10,15,31,18,"
537,486,2008-12-02,486,05,08,20,22,26,19,"05,08,20,22,26,19,"
538,487,2008-12-09,487,15,17,20,22,29,16,"15,17,20,22,29,16,"
539,488,2008-12-16,488,10,15,17,23,29,24,"10,15,17,23,29,24,"
540,489,2008-12-23,489,02,04,09,22,31,17,"02,04,09,22,31,17,"
541,490,2008-12-30,490,07,09,13,21,24,11,"07,09,13,21,24,11,"
542,491,2009-01-06,491,08,10,16,20,23,06,"08,10,16,20,23,06,"
543,492,2009-01-13,492,03,08,09,11,20,18,"03,08,09,11,20,18,"
544,493,2009-01-20,493,01,11,12,13,17,26,"01,11,12,13,17,26,"
545,494,2009-01-27,494,02,10,14,26,28,18,"02,10,14,26,28,18,"
546,495,2009-02-03,495,07,10,22,26,27,05,"07,10,22,26,27,05,"
547,496,2009-02-10,496,04,10,11,22,30,09,"04,10,11,22,30,09,"
548,497,2009-02-17,497,04,21,23,27,28,26,"04,21,23,27,28,26,"
549,498,2009-02-24,498,02,15,20,23,30,03,"02,15,20,23,30,03,"
550,499,2009-03-03,499,02,08,14,15,26,31,"02,08,14,15,26,31,"
551,500,2009-03-10,500,19,20,23,25,28,05,"19,20,23,25,28,05,"
552,501,2009-03-17,501,12,13,16,17,21,22,"12,13,16,17,21,22,"
553,502,2009-03-24,502,02,03,05,13,14,01,"02,03,05,13,14,01,"
554,503,2009-03-31,503,11,18,21,23,27,03,"11,18,21,23,27,03,"
555,504,2009-04-07,504,08,10,24,28,31,09,"08,10,24,28,31,09,"
556,505,2009-04-14,505,05,16,19,20,22,28,"05,16,19,20,22,28,"
557,506,2009-04-21,506,04,14,15,23,24,11,"04,14,15,23,24,11,"
558,507,2009-04-28,507,10,19,26,27,28,02,"10,19,26,27,28,02,"
559,508,2009-05-05,508,03,06,09,14,25,01,"03,06,09,14,25,01,"
560,509,2009-05-12,509,02,13,22,29,30,08,"02,13,22,29,30,08,"
561,510,2009-05-19,510,18,19,21,23,30,25,"18,19,21,23,30,25,"
562,511,2009-05-26,511,13,16,26,28,31,11,"13,16,26,28,31,11,"
563,512,2009-06-02,512,08,14,25,29,30,07,"08,14,25,29,30,07,"
564,513,2009-06-09,513,03,11,18,19,25,08,"03,11,18,19,25,08,"
565,514,2009-06-16,514,15,16,21,25,30,14,"15,16,21,25,30,14,"
566,515,2009-06-23,515,05,21,24,25,26,31,"05,21,24,25,26,31,"
567,516,2009-06-30,516,03,12,14,15,26,05,"03,12,14,15,26,05,"
568,517,2009-07-07,517,12,26,28,29,30,05,"12,26,28,29,30,05,"
569,518,2009-07-14,518,11,16,18,20,27,23,"11,16,18,20,27,23,"
570,519,2009-07-21,519,02,09,25,29,31,04,"02,09,25,29,31,04,"
571,520,2009-07-28,520,02,03,11,14,30,08,"02,03,11,14,30,08,"
572,521,2009-08-04,521,04,09,14,25,26,15,"04,09,14,25,26,15,"
573,522,2009-08-11,522,04,19,22,23,27,31,"04,19,22,23,27,31,"
574,523,2009-08-18,523,08,17,18,19,24,10,"08,17,18,19,24,10,"
575,524,2009-08-25,524,07,10,17,22,24,12,"07,10,17,22,24,12,"
576,525,2009-09-01,525,01,14,21,25,27,06,"01,14,21,25,27,06,"
577,526,2009-09-08,526,04,05,16,21,31,26,"04,05,16,21,31,26,"
578,527,2009-09-15,527,11,13,15,23,25,04,"11,13,15,23,25,04,"
579,528,2009-09-22,528,02,11,14,15,21,08,"02,11,14,15,21,08,"
580,529,2009-09-29,529,05,07,14,16,20,15,"05,07,14,16,20,15,"
581,530,2009-10-06,530,02,03,05,16,19,10,"02,03,05,16,19,10,"
582,531,2009-10-13,531,13,21,22,26,27,19,"13,21,22,26,27,19,"
583,532,2009-10-20,532,05,10,21,27,28,18,"05,10,21,27,28,18,"
584,533,2009-10-27,533,06,13,19,23,31,20,"06,13,19,23,31,20,"
585,534,2009-11-03,534,07,22,25,26,30,04,"07,22,25,26,30,04,"
586,535,2009-11-10,535,18,20,23,24,31,07,"18,20,23,24,31,07,"
587,536,2009-11-17,536,14,18,20,22,24,19,"14,18,20,22,24,19,"
588,537,2009-11-24,537,09,10,27,29,30,05,"09,10,27,29,30,05,"
589,538,2009-12-01,538,08,10,13,20,21,31,"08,10,13,20,21,31,"
590,539,2009-12-08,539,09,18,23,26,29,05,"09,18,23,26,29,05,"
591,540,2009-12-15,540,02,19,22,27,29,06,"02,19,22,27,29,06,"
592,541,2009-12-22,541,01,09,10,16,23,30,"01,09,10,16,23,30,"
593,542,2009-12-29,542,03,09,11,20,27,21,"03,09,11,20,27,21,"
594,543,2010-01-05,543,04,07,17,22,25,30,"04,07,17,22,25,30,"
595,544,2010-01-12,544,03,09,18,29,30,28,"03,09,18,29,30,28,"
596,545,2010-01-19,545,01,15,23,28,29,02,"01,15,23,28,29,02,"
597,546,2010-01-26,546,03,08,19,22,29,20,"03,08,19,22,29,20,"
598,547,2010-02-02,547,05,23,25,29,31,28,"05,23,25,29,31,28,"
599,548,2010-02-09,548,05,06,16,23,29,31,"05,06,16,23,29,31,"
600,549,2010-02-16,549,10,12,19,24,25,14,"10,12,19,24,25,14,"
601,550,2010-02-23,550,08,16,22,28,31,03,"08,16,22,28,31,03,"
602,551,2010-03-02,551,01,02,10,24,31,28,"01,02,10,24,31,28,"
603,552,2010-03-09,552,07,11,14,17,28,29,"07,11,14,17,28,29,"
604,553,2010-03-16,553,02,13,23,24,30,15,"02,13,23,24,30,15,"
605,554,2010-03-23,554,02,06,23,24,28,09,"02,06,23,24,28,09,"
606,555,2010-03-30,555,01,15,18,24,29,23,"01,15,18,24,29,23,"
607,556,2010-04-06,556,04,06,16,17,24,26,"04,06,16,17,24,26,"
608,557,2010-04-13,557,08,18,21,22,28,31,"08,18,21,22,28,31,"
609,558,2010-04-20,558,04,10,16,22,30,27,"04,10,16,22,30,27,"
610,559,2010-04-27,559,02,04,07,11,16,25,"02,04,07,11,16,25,"
611,560,2010-05-04,560,11,13,17,29,30,05,"11,13,17,29,30,05,"
612,561,2010-05-11,561,01,05,06,16,25,18,"01,05,06,16,25,18,"
613,562,2010-05-18,562,02,07,12,15,17,23,"02,07,12,15,17,23,"
614,563,2010-05-25,563,04,05,18,19,30,01,"04,05,18,19,30,01,"
615,564,2010-06-01,564,09,17,19,22,29,06,"09,17,19,22,29,06,"
616,565,2010-06-08,565,18,19,20,28,29,13,"18,19,20,28,29,13,"
617,566,2010-06-15,566,03,08,23,28,30,31,"03,08,23,28,30,31,"
618,567,2010-06-22,567,10,12,20,24,25,17,"10,12,20,24,25,17,"
619,568,2010-06-29,568,08,12,16,24,30,23,"08,12,16,24,30,23,"
620,569,2010-07-06,569,10,17,23,26,28,05,"10,17,23,26,28,05,"
621,570,2010-07-13,570,01,02,05,06,10,08,"01,02,05,06,10,08,"
622,571,2010-07-20,571,09,22,27,28,29,26,"09,22,27,28,29,26,"
623,572,2010-07-27,572,01,06,18,23,29,21,"01,06,18,23,29,21,"
624,573,2010-08-03,573,15,21,22,23,29,05,"15,21,22,23,29,05,"
625,574,2010-08-10,574,03,07,08,13,15,25,"03,07,08,13,15,25,"
626,575,2010-08-17,575,10,16,20,21,27,24,"10,16,20,21,27,24,"
627,576,2010-08-24,576,06,08,10,21,23,18,"06,08,10,21,23,18,"
628,577,2010-08-31,577,05,10,21,24,25,13,"05,10,21,24,25,13,"
629,578,2010-09-07,578,05,11,16,19,30,18,"05,11,16,19,30,18,"
630,579,2010-09-14,579,01,04,15,17,23,08,"01,04,15,17,23,08,"
631,580,2010-09-21,580,01,04,14,15,26,18,"01,04,14,15,26,18,"
632,581,2010-09-28,581,02,06,12,14,30,03,"02,06,12,14,30,03,"
633,582,2010-10-05,582,03,14,22,24,30,10,"03,14,22,24,30,10,"
634,583,2010-10-12,583,01,03,10,11,16,24,"01,03,10,11,16,24,"
635,584,2010-10-19,584,06,09,11,14,22,29,"06,09,11,14,22,29,"
636,585,2010-10-26,585,14,19,23,24,31,29,"14,19,23,24,31,29,"
637,586,2010-11-02,586,01,05,06,10,15,02,"01,05,06,10,15,02,"
638,587,2010-11-09,587,11,17,19,29,30,01,"11,17,19,29,30,01,"
639,588,2010-11-16,588,04,11,18,26,31,13,"04,11,18,26,31,13,"
640,589,2010-11-23,589,03,10,13,22,26,12,"03,10,13,22,26,12,"
641,590,2010-11-30,590,04,07,11,17,19,14,"04,07,11,17,19,14,"
642,591,2010-12-07,591,04,08,09,13,19,12,"04,08,09,13,19,12,"
643,592,2010-12-14,592,05,06,23,25,26,14,"05,06,23,25,26,14,"
644,593,2010-12-21,593,11,14,22,28,29,25,"11,14,22,28,29,25,"
645,594,2010-12-28,594,02,05,10,22,30,12,"02,05,10,22,30,12,"
646,595,2011-01-04,595,07,11,15,20,23,03,"07,11,15,20,23,03,"
647,596,2011-01-11,596,06,09,10,14,27,31,"06,09,10,14,27,31,"
648,597,2011-01-18,597,02,13,16,17,19,29,"02,13,16,17,19,29,"
649,598,2011-01-25,598,04,15,21,26,30,01,"04,15,21,26,30,01,"
650,599,2011-02-01,599,03,07,10,11,29,25,"03,07,10,11,29,25,"
651,600,2011-02-08,600,01,02,03,04,22,13,"01,02,03,04,22,13,"
652,601,2011-02-15,601,10,14,15,16,24,28,"10,14,15,16,24,28,"
653,602,2011-02-22,602,03,14,18,22,25,27,"03,14,18,22,25,27,"
654,603,2011-03-01,603,04,05,26,28,30,15,"04,05,26,28,30,15,"
655,604,2011-03-08,604,02,11,13,22,25,05,"02,11,13,22,25,05,"
656,605,2011-03-15,605,05,06,13,19,28,17,"05,06,13,19,28,17,"
657,606,2011-03-22,606,09,20,23,30,31,01,"09,20,23,30,31,01,"
658,607,2011-03-29,607,07,08,12,18,30,17,"07,08,12,18,30,17,"
659,608,2011-04-05,608,13,19,21,25,29,15,"13,19,21,25,29,15,"
660,609,2011-04-12,609,03,14,21,26,30,25,"03,14,21,26,30,25,"
661,610,2011-04-19,610,03,08,14,17,30,19,"03,08,14,17,30,19,"
662,611,2011-04-26,611,12,18,21,25,30,17,"12,18,21,25,30,17,"
663,612,2011-05-03,612,11,18,24,27,30,04,"11,18,24,27,30,04,"
664,613,2011-05-10,613,02,16,17,20,28,14,"02,16,17,20,28,14,"
665,614,2011-05-17,614,07,16,23,25,30,11,"07,16,23,25,30,11,"
666,615,2011-05-24,615,04,12,13,19,20,10,"04,12,13,19,20,10,"
667,616,2011-05-31,616,07,18,21,27,28,10,"07,18,21,27,28,10,"
668,617,2011-06-07,617,03,09,16,19,28,25,"03,09,16,19,28,25,"
669,618,2011-06-14,618,10,12,14,22,31,23,"10,12,14,22,31,23,"
670,619,2011-06-21,619,04,07,14,20,30,28,"04,07,14,20,30,28,"
671,620,2011-06-28,620,02,14,21,25,31,05,"02,14,21,25,31,05,"
672,621,2011-07-05,621,06,12,18,24,30,09,"06,12,18,24,30,09,"
673,622,2011-07-12,622,13,14,20,25,27,19,"13,14,20,25,27,19,"
674,623,2011-07-19,623,04,09,14,15,26,29,"04,09,14,15,26,29,"
675,624,2011-07-26,624,05,07,11,12,24,04,"05,07,11,12,24,04,"
676,625,2011-08-02,625,19,20,23,26,31,06,"19,20,23,26,31,06,"
677,626,2011-08-09,626,11,12,14,17,26,23,"11,12,14,17,26,23,"
678,627,2011-08-16,627,06,10,14,15,20,19,"06,10,14,15,20,19,"
679,628,2011-08-23,628,01,02,10,17,20,18,"01,02,10,17,20,18,"
680,629,2011-08-30,629,01,03,16,26,29,31,"01,03,16,26,29,31,"
681,630,2011-09-06,630,03,04,16,19,31,14,"03,04,16,19,31,14,"
682,631,2011-09-13,631,03,15,18,20,25,29,"03,15,18,20,25,29,"
683,632,2011-09-20,632,06,14,15,25,26,13,"06,14,15,25,26,13,"
684,633,2011-09-27,633,02,12,19,20,30,13,"02,12,19,20,30,13,"
685,634,2011-10-04,634,06,14,24,27,31,22,"06,14,24,27,31,22,"
686,635,2011-10-11,635,12,13,16,20,29,11,"12,13,16,20,29,11,"
687,636,2011-10-18,636,08,13,21,26,30,03,"08,13,21,26,30,03,"
688,637,2011-10-25,637,01,05,10,15,21,11,"01,05,10,15,21,11,"
689,638,2011-11-01,638,01,16,18,27,30,15,"01,16,18,27,30,15,"
690,639,2011-11-08,639,06,14,20,29,31,22,"06,14,20,29,31,22,"
691,640,2011-11-15,640,06,15,18,28,31,08,"06,15,18,28,31,08,"
692,641,2011-11-22,641,05,11,14,17,22,15,"05,11,14,17,22,15,"
693,642,2011-11-29,642,09,22,26,27,31,28,"09,22,26,27,31,28,"
694,643,2011-12-06,643,09,11,17,19,22,06,"09,11,17,19,22,06,"
695,644,2011-12-13,644,05,13,15,20,27,30,"05,13,15,20,27,30,"
696,645,2011-12-20,645,08,13,18,19,24,11,"08,13,18,19,24,11,"
697,646,2011-12-27,646,03,06,16,30,31,17,"03,06,16,30,31,17,"
698,647,2012-01-10,647,03,06,07,10,21,18,"03,06,07,10,21,18,"
699,648,2012-01-17,648,06,13,18,19,21,26,"06,13,18,19,21,26,"
700,649,2012-01-24,649,03,11,18,19,21,12,"03,11,18,19,21,12,"
701,650,2012-01-31,650,04,11,18,24,26,13,"04,11,18,24,26,13,"
702,651,2012-02-07,651,08,11,15,20,31,18,"08,11,15,20,31,18,"
703,652,2012-02-14,652,02,05,19,28,29,23,"02,05,19,28,29,23,"
704,653,2012-02-21,653,11,16,20,22,30,21,"11,16,20,22,30,21,"
705,654,2012-02-28,654,06,11,22,25,27,02,"06,11,22,25,27,02,"
706,655,2012-03-06,655,07,09,12,14,18,24,"07,09,12,14,18,24,"
707,656,2012-03-13,656,04,10,15,22,23,07,"04,10,15,22,23,07,"
708,657,2012-03-20,657,09,14,18,23,30,10,"09,14,18,23,30,10,"
709,658,2012-03-27,658,07,08,11,15,26,01,"07,08,11,15,26,01,"
710,659,2012-04-03,659,05,09,22,30,31,03,"05,09,22,30,31,03,"
711,660,2012-04-10,660,07,12,15,30,31,18,"07,12,15,30,31,18,"
712,661,2012-04-17,661,02,06,09,19,20,27,"02,06,09,19,20,27,"
713,662,2012-04-24,662,07,09,15,28,31,26,"07,09,15,28,31,26,"
714,663,2012-05-01,663,01,09,10,21,31,23,"01,09,10,21,31,23,"
715,664,2012-05-08,664,06,09,11,16,29,04,"06,09,11,16,29,04,"
716,665,2012-05-15,665,07,12,17,20,28,09,"07,12,17,20,28,09,"
717,666,2012-05-22,666,10,11,17,24,29,26,"10,11,17,24,29,26,"
718,667,2012-05-29,667,08,09,19,26,31,28,"08,09,19,26,31,28,"
719,668,2012-06-05,668,07,09,16,27,29,30,"07,09,16,27,29,30,"
720,669,2012-06-12,669,04,07,08,25,31,14,"04,07,08,25,31,14,"
721,670,2012-06-19,670,04,06,26,27,29,30,"04,06,26,27,29,30,"
722,671,2012-06-26,671,07,14,19,22,27,28,"07,14,19,22,27,28,"
723,672,2012-07-03,672,03,08,20,22,28,05,"03,08,20,22,28,05,"
724,673,2012-07-10,673,06,12,21,24,25,22,"06,12,21,24,25,22,"
725,674,2012-07-17,674,01,02,03,24,25,15,"01,02,03,24,25,15,"
726,675,2012-07-24,675,06,21,27,28,31,20,"06,21,27,28,31,20,"
727,676,2012-07-31,676,04,06,18,22,28,01,"04,06,18,22,28,01,"
728,677,2012-08-07,677,10,16,23,24,30,18,"10,16,23,24,30,18,"
729,678,2012-08-14,678,15,17,21,24,25,20,"15,17,21,24,25,20,"
730,679,2012-08-21,679,05,11,23,29,31,28,"05,11,23,29,31,28,"
731,680,2012-08-28,680,02,03,11,15,24,23,"02,03,11,15,24,23,"
732,681,2012-09-04,681,06,12,17,19,30,09,"06,12,17,19,30,09,"
733,682,2012-09-11,682,04,08,20,25,27,30,"04,08,20,25,27,30,"
734,683,2012-09-18,683,01,07,15,23,26,11,"01,07,15,23,26,11,"
735,684,2012-09-25,684,10,12,13,19,25,07,"10,12,13,19,25,07,"
736,685,2012-10-02,685,08,11,19,21,30,01,"08,11,19,21,30,01,"
737,686,2012-10-09,686,03,05,07,10,18,06,"03,05,07,10,18,06,"
738,687,2012-10-16,687,02,09,17,24,29,22,"02,09,17,24,29,22,"
739,688,2012-10-23,688,04,05,09,15,26,11,"04,05,09,15,26,11,"
740,689,2012-10-30,689,12,13,19,23,25,28,"12,13,19,23,25,28,"
741,690,2012-11-06,690,11,16,22,23,25,09,"11,16,22,23,25,09,"
742,691,2012-11-13,691,03,09,10,20,25,31,"03,09,10,20,25,31,"
743,692,2012-11-20,692,09,13,14,23,31,20,"09,13,14,23,31,20,"
744,693,2012-11-27,693,05,17,21,24,25,03,"05,17,21,24,25,03,"
745,694,2012-12-04,694,05,12,15,16,20,06,"05,12,15,16,20,06,"
746,695,2012-12-11,695,04,19,20,27,28,14,"04,19,20,27,28,14,"
747,696,2012-12-18,696,05,09,15,19,30,06,"05,09,15,19,30,06,"
748,697,2012-12-25,697,05,07,17,25,27,18,"05,07,17,25,27,18,"
749,698,2013-01-08,698,02,03,05,14,24,09,"02,03,05,14,24,09,"
750,699,2013-01-15,699,06,12,21,24,28,15,"06,12,21,24,28,15,"
751,700,2013-01-22,700,06,08,09,21,26,04,"06,08,09,21,26,04,"
752,701,2013-01-29,701,04,08,13,15,26,03,"04,08,13,15,26,03,"
753,702,2013-02-05,702,10,12,13,20,23,04,"10,12,13,20,23,04,"
754,703,2013-02-12,703,03,10,16,28,31,15,"03,10,16,28,31,15,"
755,704,2013-02-19,704,02,11,21,24,25,23,"02,11,21,24,25,23,"
756,705,2013-02-26,705,08,16,18,21,22,27,"08,16,18,21,22,27,"
757,706,2013-03-05,706,04,06,15,16,29,27,"04,06,15,16,29,27,"
758,707,2013-03-12,707,02,11,23,27,29,03,"02,11,23,27,29,03,"
759,708,2013-03-19,708,10,11,20,28,29,01,"10,11,20,28,29,01,"
760,709,2013-03-26,709,02,05,16,17,18,30,"02,05,16,17,18,30,"
761,710,2013-04-02,710,02,15,18,25,26,20,"02,15,18,25,26,20,"
762,711,2013-04-09,711,03,05,10,17,25,22,"03,05,10,17,25,22,"
763,712,2013-04-16,712,03,07,18,27,31,01,"03,07,18,27,31,01,"
764,713,2013-04-23,713,04,13,22,28,31,16,"04,13,22,28,31,16,"
765,714,2013-04-30,714,06,10,20,22,31,01,"06,10,20,22,31,01,"
766,715,2013-05-07,715,02,03,05,09,22,18,"02,03,05,09,22,18,"
767,716,2013-05-14,716,13,18,19,20,24,17,"13,18,19,20,24,17,"
768,717,2013-05-21,717,03,05,14,23,26,01,"03,05,14,23,26,01,"
769,718,2013-05-28,718,02,11,16,19,24,23,"02,11,16,19,24,23,"
770,719,2013-06-04,719,02,09,18,22,27,16,"02,09,18,22,27,16,"
771,720,2013-06-11,720,05,11,17,19,20,15,"05,11,17,19,20,15,"
772,721,2013-06-18,721,03,05,12,15,22,02,"03,05,12,15,22,02,"
773,722,2013-06-25,722,04,06,17,21,30,09,"04,06,17,21,30,09,"
774,723,2013-07-02,723,04,07,09,25,31,18,"04,07,09,25,31,18,"
775,724,2013-07-09,724,07,14,17,22,29,01,"07,14,17,22,29,01,"
776,725,2013-07-16,725,06,11,26,28,30,19,"06,11,26,28,30,19,"
777,726,2013-07-23,726,01,02,16,18,25,07,"01,02,16,18,25,07,"
778,727,2013-07-30,727,04,07,14,16,24,27,"04,07,14,16,24,27,"
779,728,2013-08-06,728,01,09,11,13,28,16,"01,09,11,13,28,16,"
780,729,2013-08-13,729,13,16,17,20,29,11,"13,16,17,20,29,11,"
781,730,2013-08-20,730,03,05,07,14,22,04,"03,05,07,14,22,04,"
782,731,2013-08-27,731,07,09,18,28,30,11,"07,09,18,28,30,11,"
783,732,2013-09-03,732,04,06,16,29,31,09,"04,06,16,29,31,09,"
784,733,2013-09-10,733,05,09,11,18,20,31,"05,09,11,18,20,31,"
785,734,2013-09-17,734,06,08,10,12,13,31,"06,08,10,12,13,31,"
786,735,2013-09-24,735,03,14,16,23,30,07,"03,14,16,23,30,07,"
787,736,2013-10-01,736,02,14,17,20,27,09,"02,14,17,20,27,09,"
788,737,2013-10-08,737,05,12,18,19,23,16,"05,12,18,19,23,16,"
789,738,2013-10-15,738,07,11,14,23,29,19,"07,11,14,23,29,19,"
790,739,2013-10-22,739,01,04,19,24,31,18,"01,04,19,24,31,18,"
791,740,2013-10-29,740,02,04,19,25,28,11,"02,04,19,25,28,11,"
792,741,2013-11-05,741,06,11,12,15,25,10,"06,11,12,15,25,10,"
793,742,2013-11-12,742,03,05,16,26,31,01,"03,05,16,26,31,01,"
794,743,2013-11-19,743,04,15,18,20,30,05,"04,15,18,20,30,05,"
795,744,2013-11-26,744,02,04,05,14,24,19,"02,04,05,14,24,19,"
796,745,2013-12-03,745,03,10,13,14,22,15,"03,10,13,14,22,15,"
797,746,2013-12-10,746,02,10,15,18,20,13,"02,10,15,18,20,13,"
798,747,2013-12-17,747,01,12,23,29,30,09,"01,12,23,29,30,09,"
799,748,2013-12-24,748,02,06,07,11,15,04,"02,06,07,11,15,04,"
800,749,2014-01-07,749,01,11,14,16,30,25,"01,11,14,16,30,25,"
801,750,2014-01-14,750,02,05,09,13,19,24,"02,05,09,13,19,24,"
802,751,2014-01-21,751,07,15,18,19,30,08,"07,15,18,19,30,08,"
803,752,2014-01-28,752,11,23,26,27,31,24,"11,23,26,27,31,24,"
804,753,2014-02-04,753,02,10,20,23,24,26,"02,10,20,23,24,26,"
805,754,2014-02-11,754,11,12,24,25,30,31,"11,12,24,25,30,31,"
806,755,2014-02-18,755,20,21,22,25,27,14,"20,21,22,25,27,14,"
807,756,2014-02-25,756,05,08,09,27,30,11,"05,08,09,27,30,11,"
808,757,2014-03-04,757,12,15,21,25,27,22,"12,15,21,25,27,22,"
809,758,2014-03-11,758,08,14,19,22,24,26,"08,14,19,22,24,26,"
810,759,2014-03-18,759,08,18,23,24,30,04,"08,18,23,24,30,04,"
811,760,2014-03-25,760,01,07,14,25,30,08,"01,07,14,25,30,08,"
812,761,2014-04-01,761,07,14,16,21,31,17,"07,14,16,21,31,17,"
813,762,2014-04-08,762,02,03,08,10,29,31,"02,03,08,10,29,31,"
814,763,2014-04-15,763,03,05,12,14,18,08,"03,05,12,14,18,08,"
815,764,2014-04-22,764,01,02,07,10,11,16,"01,02,07,10,11,16,"
816,765,2014-04-29,765,16,19,20,22,31,26,"16,19,20,22,31,26,"
817,766,2014-05-06,766,05,08,12,16,28,13,"05,08,12,16,28,13,"
818,767,2014-05-13,767,06,08,10,25,31,27,"06,08,10,25,31,27,"
819,768,2014-05-20,768,02,03,23,24,27,10,"02,03,23,24,27,10,"
820,769,2014-05-27,769,03,11,15,22,24,29,"03,11,15,22,24,29,"
821,770,2014-06-03,770,12,18,19,22,30,20,"12,18,19,22,30,20,"
822,771,2014-06-10,771,07,11,22,26,30,27,"07,11,22,26,30,27,"
823,772,2014-06-17,772,11,14,15,21,27,24,"11,14,15,21,27,24,"
824,773,2014-06-24,773,01,02,06,11,26,17,"01,02,06,11,26,17,"
825,774,2014-07-01,774,05,06,09,20,30,31,"05,06,09,20,30,31,"
826,775,2014-07-08,775,05,06,14,24,31,15,"05,06,14,24,31,15,"
827,776,2014-07-15,776,06,14,15,18,31,25,"06,14,15,18,31,25,"
828,777,2014-07-22,777,04,10,20,22,24,21,"04,10,20,22,24,21,"
829,778,2014-07-29,778,10,13,14,26,30,18,"10,13,14,26,30,18,"
830,779,2014-08-05,779,01,08,09,10,13,18,"01,08,09,10,13,18,"
831,780,2014-08-12,780,13,15,16,18,20,07,"13,15,16,18,20,07,"
832,781,2014-08-19,781,02,07,10,21,24,04,"02,07,10,21,24,04,"
833,782,2014-08-26,782,04,07,09,14,21,26,"04,07,09,14,21,26,"
834,783,2014-09-02,783,04,05,10,15,20,08,"04,05,10,15,20,08,"
835,784,2014-09-09,784,14,19,21,25,29,08,"14,19,21,25,29,08,"
836,785,2014-09-16,785,07,21,22,26,28,05,"07,21,22,26,28,05,"
837,786,2014-09-23,786,05,06,21,28,29,07,"05,06,21,28,29,07,"
838,787,2014-09-30,787,11,15,22,26,31,07,"11,15,22,26,31,07,"
839,788,2014-10-07,788,01,21,28,29,30,15,"01,21,28,29,30,15,"
840,789,2014-10-14,789,04,05,11,16,31,19,"04,05,11,16,31,19,"
841,790,2014-10-21,790,11,13,15,19,21,07,"11,13,15,19,21,07,"
842,791,2014-10-28,791,06,16,18,30,31,10,"06,16,18,30,31,10,"
843,792,2014-11-04,792,12,13,15,18,22,28,"12,13,15,18,22,28,"
844,793,2014-11-11,793,06,10,18,20,31,24,"06,10,18,20,31,24,"
845,794,2014-11-18,794,03,04,08,10,31,07,"03,04,08,10,31,07,"
846,795,2014-11-25,795,02,06,11,14,18,01,"02,06,11,14,18,01,"
847,796,2014-12-02,796,03,10,19,21,30,07,"03,10,19,21,30,07,"
848,797,2014-12-09,797,08,09,29,30,31,18,"08,09,29,30,31,18,"
849,798,2014-12-16,798,03,08,10,23,27,12,"03,08,10,23,27,12,"
850,799,2014-12-23,799,01,02,17,19,26,24,"01,02,17,19,26,24,"
851,800,2014-12-30,800,01,19,20,22,25,02,"01,19,20,22,25,02,"
852,801,2015-01-06,801,05,07,20,22,25,17,"05,07,20,22,25,17,"
853,802,2015-01-13,802,05,09,21,29,31,06,"05,09,21,29,31,06,"
854,803,2015-01-20,803,02,04,18,19,27,23,"02,04,18,19,27,23,"
855,804,2015-01-27,804,07,08,09,12,29,26,"07,08,09,12,29,26,"
856,805,2015-02-03,805,08,09,11,17,30,03,"08,09,11,17,30,03,"
857,806,2015-02-10,806,03,11,21,23,28,24,"03,11,21,23,28,24,"
858,807,2015-02-17,807,05,07,13,17,19,03,"05,07,13,17,19,03,"
859,808,2015-02-24,808,08,09,26,27,30,03,"08,09,26,27,30,03,"
860,809,2015-03-03,809,02,08,11,13,25,01,"02,08,11,13,25,01,"
861,810,2015-03-10,810,06,12,15,16,31,17,"06,12,15,16,31,17,"
862,811,2015-03-17,811,08,09,10,13,21,18,"08,09,10,13,21,18,"
863,812,2015-03-24,812,02,16,17,22,25,13,"02,16,17,22,25,13,"
864,813,2015-03-31,813,03,06,09,14,15,17,"03,06,09,14,15,17,"
865,814,2015-04-07,814,02,03,12,25,31,28,"02,03,12,25,31,28,"
866,815,2015-04-14,815,20,21,26,27,28,03,"20,21,26,27,28,03,"
867,816,2015-04-21,816,01,05,07,14,18,12,"01,05,07,14,18,12,"
868,817,2015-04-28,817,01,10,23,27,29,18,"01,10,23,27,29,18,"
869,818,2015-05-05,818,05,09,14,16,18,03,"05,09,14,16,18,03,"
870,819,2015-05-12,819,02,09,14,15,24,13,"02,09,14,15,24,13,"
871,820,2015-05-19,820,08,12,20,21,31,19,"08,12,20,21,31,19,"
872,821,2015-05-26,821,06,08,18,21,23,30,"06,08,18,21,23,30,"
873,822,2015-06-02,822,07,08,10,17,28,04,"07,08,10,17,28,04,"
874,823,2015-06-09,823,06,10,14,18,23,09,"06,10,14,18,23,09,"
875,824,2015-06-16,824,04,16,22,28,29,10,"04,16,22,28,29,10,"
876,825,2015-06-23,825,03,08,12,21,26,19,"03,08,12,21,26,19,"
877,826,2015-06-30,826,01,08,21,23,27,22,"01,08,21,23,27,22,"
878,827,2015-07-07,827,03,04,06,23,31,10,"03,04,06,23,31,10,"
879,828,2015-07-14,828,02,08,11,15,26,03,"02,08,11,15,26,03,"
880,829,2015-07-21,829,08,12,19,23,31,06,"08,12,19,23,31,06,"
881,830,2015-07-28,830,05,06,20,23,29,15,"05,06,20,23,29,15,"
882,831,2015-08-04,831,07,09,17,19,21,03,"07,09,17,19,21,03,"
883,832,2015-08-11,832,09,10,15,19,31,24,"09,10,15,19,31,24,"
884,833,2015-08-18,833,06,09,15,24,28,12,"06,09,15,24,28,12,"
885,834,2015-08-25,834,05,13,21,25,26,02,"05,13,21,25,26,02,"
886,835,2015-09-01,835,01,09,11,23,29,17,"01,09,11,23,29,17,"
887,836,2015-09-08,836,05,15,20,28,29,10,"05,15,20,28,29,10,"
888,837,2015-09-15,837,04,05,09,24,25,31,"04,05,09,24,25,31,"
889,838,2015-09-22,838,04,06,11,12,15,22,"04,06,11,12,15,22,"
890,839,2015-09-29,839,02,06,14,27,30,12,"02,06,14,27,30,12,"
891,840,2015-10-06,840,01,05,11,15,31,08,"01,05,11,15,31,08,"
892,841,2015-10-13,841,05,06,07,13,18,08,"05,06,07,13,18,08,"
893,842,2015-10-20,842,09,18,20,24,25,04,"09,18,20,24,25,04,"
894,843,2015-10-27,843,02,14,23,28,30,26,"02,14,23,28,30,26,"
895,844,2015-11-03,844,03,11,14,22,26,01,"03,11,14,22,26,01,"
896,845,2015-11-10,845,03,10,22,24,30,28,"03,10,22,24,30,28,"
897,846,2015-11-17,846,01,17,27,30,31,08,"01,17,27,30,31,08,"
898,847,2015-11-24,847,07,18,19,21,31,15,"07,18,19,21,31,15,"
899,848,2015-12-01,848,02,03,22,29,31,01,"02,03,22,29,31,01,"
900,849,2015-12-08,849,04,14,17,19,20,26,"04,14,17,19,20,26,"
901,850,2015-12-15,850,01,02,13,15,18,28,"01,02,13,15,18,28,"
902,851,2015-12-22,851,10,19,20,24,31,23,"10,19,20,24,31,23,"
903,852,2015-12-29,852,02,09,15,18,22,12,"02,09,15,18,22,12,"
904,853,2016-01-05,853,06,11,17,18,30,28,"06,11,17,18,30,28,"
905,854,2016-01-12,854,03,16,22,23,31,10,"03,16,22,23,31,10,"
906,855,2016-01-19,855,02,07,17,22,24,25,"02,07,17,22,24,25,"
907,856,2016-01-26,856,01,10,15,24,29,09,"01,10,15,24,29,09,"
908,857,2016-02-02,857,02,04,21,24,28,29,"02,04,21,24,28,29,"
909,858,2016-02-09,858,06,14,15,25,26,22,"06,14,15,25,26,22,"
910,859,2016-02-16,859,13,17,19,28,31,25,"13,17,19,28,31,25,"
911,860,2016-02-23,860,08,09,21,30,31,07,"08,09,21,30,31,07,"
912,861,2016-03-01,861,04,08,12,17,27,03,"04,08,12,17,27,03,"
913,862,2016-03-08,862,03,07,09,13,23,06,"03,07,09,13,23,06,"
914,863,2016-03-15,863,01,02,11,27,28,21,"01,02,11,27,28,21,"
915,864,2016-03-22,864,14,18,26,28,30,08,"14,18,26,28,30,08,"
916,865,2016-03-29,865,03,08,16,17,31,09,"03,08,16,17,31,09,"
917,866,2016-04-05,866,04,16,18,26,28,09,"04,16,18,26,28,09,"
918,867,2016-04-12,867,13,23,24,28,30,31,"13,23,24,28,30,31,"
919,868,2016-04-19,868,01,09,14,25,30,31,"01,09,14,25,30,31,"
920,869,2016-04-26,869,02,14,16,19,30,05,"02,14,16,19,30,05,"
921,870,2016-05-03,870,03,12,22,23,31,24,"03,12,22,23,31,24,"
922,871,2016-05-10,871,04,17,24,27,31,19,"04,17,24,27,31,19,"
923,872,2016-05-17,872,15,16,24,28,30,26,"15,16,24,28,30,26,"
924,873,2016-05-24,873,04,06,10,23,29,03,"04,06,10,23,29,03,"
925,874,2016-05-31,874,06,07,08,22,24,18,"06,07,08,22,24,18,"
926,875,2016-06-07,875,02,03,08,11,28,10,"02,03,08,11,28,10,"
927,876,2016-06-14,876,18,19,20,21,27,15,"18,19,20,21,27,15,"
928,877,2016-06-21,877,05,14,20,22,23,16,"05,14,20,22,23,16,"
929,878,2016-06-28,878,02,03,08,28,29,26,"02,03,08,28,29,26,"
930,879,2016-07-05,879,02,13,24,27,31,12,"02,13,24,27,31,12,"
931,880,2016-07-12,880,05,07,11,12,21,18,"05,07,11,12,21,18,"
932,881,2016-07-19,881,10,11,17,29,30,15,"10,11,17,29,30,15,"
933,882,2016-07-26,882,02,07,08,18,30,21,"02,07,08,18,30,21,"
934,883,2016-08-02,883,01,17,18,21,25,23,"01,17,18,21,25,23,"
935,884,2016-08-09,884,07,10,22,27,31,02,"07,10,22,27,31,02,"
936,885,2016-08-16,885,09,17,21,24,27,11,"09,17,21,24,27,11,"
937,886,2016-08-23,886,01,11,20,23,29,13,"01,11,20,23,29,13,"
938,887,2016-08-30,887,03,04,19,28,29,23,"03,04,19,28,29,23,"
939,888,2016-09-06,888,06,17,24,29,31,03,"06,17,24,29,31,03,"
940,889,2016-09-13,889,05,06,12,17,22,23,"05,06,12,17,22,23,"
941,890,2016-09-20,890,01,07,12,24,31,06,"01,07,12,24,31,06,"
942,891,2016-09-27,891,10,17,29,30,31,25,"10,17,29,30,31,25,"
943,892,2016-10-04,892,02,03,12,19,21,05,"02,03,12,19,21,05,"
944,893,2016-10-11,893,11,14,20,22,25,05,"11,14,20,22,25,05,"
945,894,2016-10-18,894,11,16,21,23,30,25,"11,16,21,23,30,25,"
946,895,2016-10-25,895,07,08,09,11,14,22,"07,08,09,11,14,22,"
947,896,2016-11-01,896,11,13,16,17,26,30,"11,13,16,17,26,30,"
948,897,2016-11-08,897,16,17,18,23,31,29,"16,17,18,23,31,29,"
949,898,2016-11-15,898,05,07,20,24,25,17,"05,07,20,24,25,17,"
950,899,2016-11-22,899,01,07,19,20,31,29,"01,07,19,20,31,29,"
951,900,2016-11-29,900,01,15,18,22,25,29,"01,15,18,22,25,29,"
952,901,2016-12-06,901,02,10,13,23,24,27,"02,10,13,23,24,27,"
953,902,2016-12-13,902,06,08,16,22,28,27,"06,08,16,22,28,27,"
954,903,2016-12-20,903,02,05,21,24,29,04,"02,05,21,24,29,04,"
955,904,2016-12-27,904,03,05,08,17,21,14,"03,05,08,17,21,14,"
956,905,2017-01-10,905,04,17,18,22,27,10,"04,17,18,22,27,10,"
957,906,2017-01-17,906,02,04,06,07,23,26,"02,04,06,07,23,26,"
958,907,2017-01-24,907,03,04,10,22,31,06,"03,04,10,22,31,06,"
959,908,2017-01-31,908,18,19,21,23,31,17,"18,19,21,23,31,17,"
960,909,2017-02-07,909,03,12,14,20,27,22,"03,12,14,20,27,22,"
961,910,2017-02-14,910,10,14,20,26,30,03,"10,14,20,26,30,03,"
962,911,2017-02-21,911,02,03,04,13,16,17,"02,03,04,13,16,17,"
963,912,2017-02-28,912,09,12,19,21,22,18,"09,12,19,21,22,18,"
964,913,2017-03-07,913,02,09,17,21,23,28,"02,09,17,21,23,28,"
965,914,2017-03-14,914,02,07,15,19,24,22,"02,07,15,19,24,22,"
966,915,2017-03-21,915,14,22,24,26,27,07,"14,22,24,26,27,07,"
967,916,2017-03-28,916,17,18,23,28,30,05,"17,18,23,28,30,05,"
968,917,2017-04-04,917,01,09,10,24,27,13,"01,09,10,24,27,13,"
969,918,2017-04-11,918,16,20,22,27,29,30,"16,20,22,27,29,30,"
970,919,2017-04-18,919,04,07,09,15,23,11,"04,07,09,15,23,11,"
971,920,2017-04-25,920,05,15,22,24,25,30,"05,15,22,24,25,30,"
972,921,2017-05-02,921,06,08,10,14,30,13,"06,08,10,14,30,13,"
973,922,2017-05-09,922,02,13,14,21,22,07,"02,13,14,21,22,07,"
974,923,2017-05-16,923,08,20,21,22,27,19,"08,20,21,22,27,19,"
975,924,2017-05-23,924,02,07,08,14,23,15,"02,07,08,14,23,15,"
976,925,2017-05-30,925,09,14,19,27,30,16,"09,14,19,27,30,16,"
977,926,2017-06-06,926,03,09,18,27,29,26,"03,09,18,27,29,26,"
978,927,2017-06-13,927,01,06,07,17,18,16,"01,06,07,17,18,16,"
979,928,2017-06-20,928,04,09,11,19,23,22,"04,09,11,19,23,22,"
980,929,2017-06-27,929,02,04,05,11,20,22,"02,04,05,11,20,22,"
981,930,2017-07-04,930,09,14,24,25,27,16,"09,14,24,25,27,16,"
982,931,2017-07-11,931,02,03,18,24,25,09,"02,03,18,24,25,09,"
983,932,2017-07-18,932,01,03,14,17,19,23,"01,03,14,17,19,23,"
984,933,2017-07-25,933,03,04,22,26,29,05,"03,04,22,26,29,05,"
985,934,2017-08-01,934,03,07,08,11,13,04,"03,07,08,11,13,04,"
986,935,2017-08-08,935,03,11,13,20,31,16,"03,11,13,20,31,16,"
987,936,2017-08-15,936,07,21,23,25,31,10,"07,21,23,25,31,10,"
988,937,2017-08-22,937,05,12,13,15,24,25,"05,12,13,15,24,25,"
989,938,2017-08-29,938,04,09,16,21,22,01,"04,09,16,21,22,01,"
990,939,2017-09-05,939,08,12,20,23,28,16,"08,12,20,23,28,16,"
991,940,2017-09-12,940,04,09,25,27,28,12,"04,09,25,27,28,12,"
992,941,2017-09-19,941,03,11,12,15,28,17,"03,11,12,15,28,17,"
993,942,2017-09-26,942,02,07,10,22,29,17,"02,07,10,22,29,17,"
994,943,2017-10-03,943,04,11,18,28,30,10,"04,11,18,28,30,10,"
995,944,2017-10-10,944,05,11,13,16,27,23,"05,11,13,16,27,23,"
996,945,2017-10-17,945,14,17,21,25,31,15,"14,17,21,25,31,15,"
997,946,2017-10-24,946,05,14,24,28,29,20,"05,14,24,28,29,20,"
998,947,2017-10-31,947,03,07,19,24,27,16,"03,07,19,24,27,16,"
999,948,2017-11-07,948,03,06,12,13,22,04,"03,06,12,13,22,04,"
1000,949,2017-11-14,949,01,02,05,06,21,25,"01,02,05,06,21,25,"
1001,950,2017-11-21,950,05,08,12,14,28,01,"05,08,12,14,28,01,"
1002,951,2017-11-28,951,03,09,12,26,27,25,"03,09,12,26,27,25,"
1003,952,2017-12-05,952,04,10,15,16,18,08,"04,10,15,16,18,08,"
1004,953,2017-12-12,953,04,05,09,22,29,02,"04,05,09,22,29,02,"
1005,954,2017-12-19,954,11,16,21,23,25,18,"11,16,21,23,25,18,"
1006,955,2017-12-26,955,09,12,17,21,30,28,"09,12,17,21,30,28,"
1007,956,2018-01-09,956,06,15,18,22,29,31,"06,15,18,22,29,31,"
1008,957,2018-01-16,957,02,15,26,29,31,03,"02,15,26,29,31,03,"
1009,958,2018-01-23,958,03,10,15,17,19,20,"03,10,15,17,19,20,"
1010,959,2018-01-30,959,02,03,09,14,19,15,"02,03,09,14,19,15,"
1011,960,2018-02-06,960,02,03,05,16,20,09,"02,03,05,16,20,09,"
1012,961,2018-02-13,961,02,11,18,20,29,03,"02,11,18,20,29,03,"
1013,962,2018-02-20,962,03,10,15,18,25,27,"03,10,15,18,25,27,"
1014,963,2018-02-27,963,04,07,17,21,28,10,"04,07,17,21,28,10,"
1015,964,2018-03-06,964,16,19,27,28,30,12,"16,19,27,28,30,12,"
1016,965,2018-03-13,965,07,13,15,19,28,23,"07,13,15,19,28,23,"
1017,966,2018-03-20,966,01,11,25,26,27,30,"01,11,25,26,27,30,"
1018,967,2018-03-27,967,04,07,11,14,31,02,"04,07,11,14,31,02,"
1019,968,2018-04-03,968,01,05,10,20,24,03,"01,05,10,20,24,03,"
1020,969,2018-04-10,969,01,04,18,24,27,06,"01,04,18,24,27,06,"
1021,970,2018-04-17,970,02,04,19,27,28,07,"02,04,19,27,28,07,"
1022,971,2018-04-24,971,07,17,18,20,24,13,"07,17,18,20,24,13,"
1023,972,2018-05-01,972,13,19,21,22,27,14,"13,19,21,22,27,14,"
1024,973,2018-05-08,973,01,07,12,13,31,30,"01,07,12,13,31,30,"
1025,974,2018-05-15,974,10,18,21,24,27,30,"10,18,21,24,27,30,"
1026,975,2018-05-22,975,10,18,19,28,29,16,"10,18,19,28,29,16,"
1027,976,2018-05-29,976,02,04,15,16,19,08,"02,04,15,16,19,08,"
1028,977,2018-06-05,977,09,17,21,22,23,05,"09,17,21,22,23,05,"
1029,978,2018-06-12,978,01,08,20,26,28,07,"01,08,20,26,28,07,"
1030,979,2018-06-19,979,01,10,23,25,28,12,"01,10,23,25,28,12,"
1031,980,2018-06-26,980,08,24,27,30,31,16,"08,24,27,30,31,16,"
1032,981,2018-07-03,981,10,11,19,28,30,22,"10,11,19,28,30,22,"
1033,982,2018-07-10,982,05,08,20,22,27,24,"05,08,20,22,27,24,"
1034,983,2018-07-17,983,06,10,12,15,23,25,"06,10,12,15,23,25,"
1035,984,2018-07-24,984,02,04,05,16,27,14,"02,04,05,16,27,14,"
1036,985,2018-07-31,985,05,11,16,17,26,03,"05,11,16,17,26,03,"
1037,986,2018-08-07,986,01,21,22,25,27,28,"01,21,22,25,27,28,"
1038,987,2018-08-14,987,06,13,15,17,21,22,"06,13,15,17,21,22,"
1039,988,2018-08-21,988,01,09,11,14,21,28,"01,09,11,14,21,28,"
1040,989,2018-08-28,989,02,07,10,16,30,24,"02,07,10,16,30,24,"
1041,990,2018-09-04,990,03,09,17,23,25,13,"03,09,17,23,25,13,"
1042,991,2018-09-11,991,01,03,09,15,30,06,"01,03,09,15,30,06,"
1043,992,2018-09-18,992,01,14,17,20,31,24,"01,14,17,20,31,24,"
1044,993,2018-09-25,993,01,04,24,29,30,10,"01,04,24,29,30,10,"
1045,994,2018-10-02,994,07,08,19,27,31,26,"07,08,19,27,31,26,"
1046,995,2018-10-09,995,01,05,14,21,30,12,"01,05,14,21,30,12,"
1047,996,2018-10-16,996,09,19,20,22,26,07,"09,19,20,22,26,07,"
1048,997,2018-10-23,997,01,03,08,11,14,16,"01,03,08,11,14,16,"
1049,998,2018-10-30,998,01,07,19,20,25,27,"01,07,19,20,25,27,"
1050,999,2018-11-06,999,06,17,18,20,29,26,"06,17,18,20,29,26,"
1051,1000,2018-11-13,1000,03,08,14,18,26,07,"03,08,14,18,26,07,"
1052,1001,2018-11-20,1001,05,12,16,22,27,18,"05,12,16,22,27,18,"
1053,1002,2018-11-27,1002,02,09,11,20,27,05,"02,09,11,20,27,05,"
1054,1003,2018-12-04,1003,11,14,15,22,29,10,"11,14,15,22,29,10,"
1055,1004,2018-12-11,1004,01,18,22,27,30,20,"01,18,22,27,30,20,"
1056,1005,2018-12-18,1005,05,13,18,26,31,11,"05,13,18,26,31,11,"
1057,1006,2018-12-25,1006,10,15,19,23,26,06,"10,15,19,23,26,06,"
1058,1007,2019-01-08,1007,02,10,11,25,31,17,"02,10,11,25,31,17,"
1059,1008,2019-01-15,1008,03,04,22,26,27,11,"03,04,22,26,27,11,"
1060,1009,2019-01-22,1009,02,08,17,23,27,04,"02,08,17,23,27,04,"
1061,1010,2019-01-29,1010,10,17,20,21,30,15,"10,17,20,21,30,15,"
1062,1011,2019-02-05,1011,09,16,21,30,31,27,"09,16,21,30,31,27,"
1063,1012,2019-02-12,1012,01,13,18,26,29,08,"01,13,18,26,29,08,"
1064,1013,2019-02-19,1013,01,06,11,19,28,08,"01,06,11,19,28,08,"
1065,1014,2019-02-26,1014,04,17,19,20,25,05,"04,17,19,20,25,05,"
1066,1015,2019-03-05,1015,03,05,06,20,25,27,"03,05,06,20,25,27,"
1067,1016,2019-03-12,1016,05,21,23,25,27,22,"05,21,23,25,27,22,"
1068,1017,2019-03-19,1017,09,16,21,23,24,08,"09,16,21,23,24,08,"
1069,1018,2019-03-26,1018,13,16,23,27,29,15,"13,16,23,27,29,15,"
1070,1019,2019-04-02,1019,05,06,16,23,24,03,"05,06,16,23,24,03,"
1071,1020,2019-04-09,1020,03,12,17,24,30,31,"03,12,17,24,30,31,"
1072,1021,2019-04-16,1021,13,19,23,25,29,08,"13,19,23,25,29,08,"
1073,1022,2019-04-23,1022,05,13,24,27,29,22,"05,13,24,27,29,22,"
1074,1023,2019-04-30,1023,02,12,22,23,26,25,"02,12,22,23,26,25,"
1075,1024,2019-05-07,1024,04,11,12,23,28,03,"04,11,12,23,28,03,"
1076,1025,2019-05-14,1025,03,04,13,19,23,18,"03,04,13,19,23,18,"
1077,1026,2019-05-21,1026,03,14,15,22,26,01,"03,14,15,22,26,01,"
1078,1027,2019-05-28,1027,05,06,17,21,27,19,"05,06,17,21,27,19,"
1079,1028,2019-06-04,1028,02,03,08,16,27,17,"02,03,08,16,27,17,"
1080,1029,2019-06-11,1029,03,04,09,11,29,05,"03,04,09,11,29,05,"
1081,1030,2019-06-18,1030,21,24,26,27,28,22,"21,24,26,27,28,22,"
1082,1031,2019-06-25,1031,05,08,17,21,23,15,"05,08,17,21,23,15,"
1083,1032,2019-07-02,1032,01,09,14,21,26,29,"01,09,14,21,26,29,"
1084,1033,2019-07-09,1033,02,12,14,24,31,22,"02,12,14,24,31,22,"
1085,1034,2019-07-16,1034,12,22,27,28,29,10,"12,22,27,28,29,10,"
1086,1035,2019-07-23,1035,03,08,11,16,31,26,"03,08,11,16,31,26,"
1087,1036,2019-07-30,1036,07,14,16,23,28,09,"07,14,16,23,28,09,"
1088,1037,2019-08-06,1037,07,19,23,24,27,17,"07,19,23,24,27,17,"
1089,1038,2019-08-13,1038,02,05,21,23,30,08,"02,05,21,23,30,08,"
1090,1039,2019-08-20,1039,04,19,22,24,30,12,"04,19,22,24,30,12,"
1091,1040,2019-08-27,1040,07,10,13,25,27,30,"07,10,13,25,27,30,"
1092,1041,2019-09-03,1041,03,09,14,15,27,31,"03,09,14,15,27,31,"
1093,1042,2019-09-10,1042,11,12,19,23,28,07,"11,12,19,23,28,07,"
1094,1043,2019-09-17,1043,07,09,23,24,25,30,"07,09,23,24,25,30,"
1095,1044,2019-09-24,1044,12,19,27,28,30,01,"12,19,27,28,30,01,"
1096,1099,2020-10-20,1099,01,03,05,14,23,15,"01,03,05,14,23,15,"
1097,1098,2020-10-13,1098,03,13,17,28,31,19,"03,13,17,28,31,19,"
1098,1097,2020-10-06,1097,05,12,18,19,24,16,"05,12,18,19,24,16,"
